/*
Navicat MySQL Data Transfer

Source Server         : 191.1.2.113
Source Server Version : 50169
Source Host           : 191.1.2.113:3306
Source Database       : aikchol_api_d506

Target Server Type    : MYSQL
Target Server Version : 50169
File Encoding         : 65001

Date: 2023-11-08 11:48:35
*/

SET FOREIGN_KEY_CHECKS=0;
-- ----------------------------
-- Table structure for `code506`
-- ----------------------------
DROP TABLE IF EXISTS `code506`;
CREATE TABLE `code506` (
  `code506` varchar(255) DEFAULT NULL,
  `code_min` varchar(255) DEFAULT NULL,
  `code_max` varchar(255) DEFAULT NULL
) ENGINE=MyISAM DEFAULT CHARSET=utf8;

-- ----------------------------
-- Records of code506
-- ----------------------------
INSERT INTO `code506` VALUES ('01', 'A000', 'A000');
INSERT INTO `code506` VALUES ('01', 'A001', 'A001');
INSERT INTO `code506` VALUES ('01', 'A009', 'A009');
INSERT INTO `code506` VALUES ('03', 'A329', 'A329');
INSERT INTO `code506` VALUES ('03', 'A058', 'A059');
INSERT INTO `code506` VALUES ('03', 'A052', 'A054');
INSERT INTO `code506` VALUES ('03', 'A050', 'A050');
INSERT INTO `code506` VALUES ('03', 'A028', 'A029');
INSERT INTO `code506` VALUES ('03', 'A020', 'A022');
INSERT INTO `code506` VALUES ('05', 'A030', 'A033');
INSERT INTO `code506` VALUES ('05', 'A038', 'A039');
INSERT INTO `code506` VALUES ('06', 'A060', 'A069');
INSERT INTO `code506` VALUES ('08', 'A010', 'A010');
INSERT INTO `code506` VALUES ('09', 'A011', 'A014');
INSERT INTO `code506` VALUES ('11', 'B150', 'B150');
INSERT INTO `code506` VALUES ('11', 'B159', 'B159');
INSERT INTO `code506` VALUES ('12', 'B160', 'B162');
INSERT INTO `code506` VALUES ('12', 'B169', 'B169');
INSERT INTO `code506` VALUES ('13', 'B171', 'B171');
INSERT INTO `code506` VALUES ('15', 'J10', 'J119');
INSERT INTO `code506` VALUES ('16', 'B069', 'B069');
INSERT INTO `code506` VALUES ('16', 'B068', 'B068');
INSERT INTO `code506` VALUES ('16', 'B06', 'B060');
INSERT INTO `code506` VALUES ('16', 'B06', 'B06');
INSERT INTO `code506` VALUES ('17', 'B010', 'B012');
INSERT INTO `code506` VALUES ('17', 'B018', 'B019');
INSERT INTO `code506` VALUES ('19', 'A398', 'A399');
INSERT INTO `code506` VALUES ('19', 'A392', 'A395');
INSERT INTO `code506` VALUES ('19', 'A390', 'A390');
INSERT INTO `code506` VALUES ('20', 'A800', 'A804');
INSERT INTO `code506` VALUES ('20', 'A809', 'A809');
INSERT INTO `code506` VALUES ('21', 'B059', 'B059');
INSERT INTO `code506` VALUES ('22', 'B050', 'B054');
INSERT INTO `code506` VALUES ('22', 'B058', 'B058');
INSERT INTO `code506` VALUES ('23', 'A368', 'A369');
INSERT INTO `code506` VALUES ('23', 'A360', 'A363');
INSERT INTO `code506` VALUES ('24', 'A370', 'A370');
INSERT INTO `code506` VALUES ('24', 'A379', 'A379');
INSERT INTO `code506` VALUES ('25', 'A34', 'A359');
INSERT INTO `code506` VALUES ('26', 'A911', 'A911');
INSERT INTO `code506` VALUES ('26', 'A970', 'A971');
INSERT INTO `code506` VALUES ('27', 'A972', 'A972');
INSERT INTO `code506` VALUES ('27', 'A910', 'A910');
INSERT INTO `code506` VALUES ('28', 'G048', 'G049');
INSERT INTO `code506` VALUES ('28', 'B004', 'B004');
INSERT INTO `code506` VALUES ('28', 'A86', 'A869');
INSERT INTO `code506` VALUES ('28', 'A858', 'A858');
INSERT INTO `code506` VALUES ('28', 'A850', 'A852');
INSERT INTO `code506` VALUES ('28', 'A848', 'A849');
INSERT INTO `code506` VALUES ('28', 'A840', 'A841');
INSERT INTO `code506` VALUES ('28', 'A838', 'A839');
INSERT INTO `code506` VALUES ('28', 'A831', 'A835');
INSERT INTO `code506` VALUES ('28', 'G051', 'G051');
INSERT INTO `code506` VALUES ('29', 'A830', 'A830');
INSERT INTO `code506` VALUES ('30', 'B530', 'B530');
INSERT INTO `code506` VALUES ('30', 'B500', 'B500');
INSERT INTO `code506` VALUES ('30', 'B508', 'B509');
INSERT INTO `code506` VALUES ('30', 'B54', 'B549');
INSERT INTO `code506` VALUES ('30', 'B538', 'B538');
INSERT INTO `code506` VALUES ('30', 'B531', 'B531');
INSERT INTO `code506` VALUES ('30', 'B510', 'B510');
INSERT INTO `code506` VALUES ('30', 'B528', 'B529');
INSERT INTO `code506` VALUES ('30', 'B520', 'B520');
INSERT INTO `code506` VALUES ('30', 'B518', 'B519');
INSERT INTO `code506` VALUES ('31', 'J188', 'J189');
INSERT INTO `code506` VALUES ('31', 'J120', 'J123');
INSERT INTO `code506` VALUES ('31', 'J128', 'J129');
INSERT INTO `code506` VALUES ('31', 'J1581', 'J1581');
INSERT INTO `code506` VALUES ('31', 'J1588', 'J1588');
INSERT INTO `code506` VALUES ('31', 'J13', 'J159');
INSERT INTO `code506` VALUES ('31', 'J160', 'J160');
INSERT INTO `code506` VALUES ('31', 'A481', 'A481');
INSERT INTO `code506` VALUES ('31', 'J168', 'J168');
INSERT INTO `code506` VALUES ('31', 'J170', 'J171');
INSERT INTO `code506` VALUES ('31', 'J180', 'J182');
INSERT INTO `code506` VALUES ('31', 'J851', 'J851');
INSERT INTO `code506` VALUES ('37', 'A500', 'A507');
INSERT INTO `code506` VALUES ('37', 'A509', 'A509');
INSERT INTO `code506` VALUES ('37', 'A510', 'A515');
INSERT INTO `code506` VALUES ('37', 'A519', 'A519');
INSERT INTO `code506` VALUES ('37', 'A520', 'A523');
INSERT INTO `code506` VALUES ('37', 'A527', 'A529');
INSERT INTO `code506` VALUES ('37', 'A530', 'A530');
INSERT INTO `code506` VALUES ('37', 'A539', 'A539');
INSERT INTO `code506` VALUES ('37', 'O981', 'O981');
INSERT INTO `code506` VALUES ('38', 'A540', 'A546');
INSERT INTO `code506` VALUES ('38', 'A548', 'A549');
INSERT INTO `code506` VALUES ('38', 'K671', 'K671');
INSERT INTO `code506` VALUES ('38', 'M730', 'M730');
INSERT INTO `code506` VALUES ('38', 'N743', 'N743');
INSERT INTO `code506` VALUES ('38', 'O982', 'O982');
INSERT INTO `code506` VALUES ('39', 'A568', 'A568');
INSERT INTO `code506` VALUES ('39', 'N341', 'N343');
INSERT INTO `code506` VALUES ('39', 'A560', 'A564');
INSERT INTO `code506` VALUES ('40', 'A57', 'A579');
INSERT INTO `code506` VALUES ('41', 'A55', 'A559');
INSERT INTO `code506` VALUES ('42', 'A829', 'A829');
INSERT INTO `code506` VALUES ('42', 'A820', 'A821');
INSERT INTO `code506` VALUES ('43', 'A270', 'A270');
INSERT INTO `code506` VALUES ('43', 'A278', 'A279');
INSERT INTO `code506` VALUES ('44', 'A750', 'A753');
INSERT INTO `code506` VALUES ('44', 'A759', 'A759');
INSERT INTO `code506` VALUES ('45', 'A220', 'A220');
INSERT INTO `code506` VALUES ('45', 'A221', 'A222');
INSERT INTO `code506` VALUES ('45', 'A227', 'A229');
INSERT INTO `code506` VALUES ('46', 'B75', 'B759');
INSERT INTO `code506` VALUES ('52', 'B268', 'B269');
INSERT INTO `code506` VALUES ('52', 'B260', 'B263');
INSERT INTO `code506` VALUES ('53', 'A33', 'A339');
INSERT INTO `code506` VALUES ('54', 'G00', 'G00');
INSERT INTO `code506` VALUES ('54', 'A878', 'A879');
INSERT INTO `code506` VALUES ('54', 'G030', 'G030');
INSERT INTO `code506` VALUES ('54', 'G009', 'G009');
INSERT INTO `code506` VALUES ('54', 'G020', 'G020');
INSERT INTO `code506` VALUES ('54', 'G038', 'G039');
INSERT INTO `code506` VALUES ('58', 'T620', 'T620');
INSERT INTO `code506` VALUES ('66', 'A979', 'A979');
INSERT INTO `code506` VALUES ('66', 'A90', 'A909');
INSERT INTO `code506` VALUES ('69', 'B170', 'B170');
INSERT INTO `code506` VALUES ('70', 'B172', 'B172');
INSERT INTO `code506` VALUES ('71', 'B084', 'B085');
INSERT INTO `code506` VALUES ('72', 'A241', 'A244');
INSERT INTO `code506` VALUES ('75', 'B660', 'B660');
INSERT INTO `code506` VALUES ('79', 'A600', 'A601');
INSERT INTO `code506` VALUES ('79', 'A609', 'A609');
INSERT INTO `code506` VALUES ('80', 'A638', 'A638');
INSERT INTO `code506` VALUES ('80', 'A630', 'A630');
INSERT INTO `code506` VALUES ('82', 'A408', 'A408');
INSERT INTO `code506` VALUES ('83', 'A230', 'A230');
INSERT INTO `code506` VALUES ('83', 'A231', 'A233');
INSERT INTO `code506` VALUES ('83', 'A238', 'A239');
INSERT INTO `code506` VALUES ('84', 'A920', 'A920');
INSERT INTO `code506` VALUES ('85', 'A051', 'A051');
INSERT INTO `code506` VALUES ('87', 'A925', 'A925');
INSERT INTO `code506` VALUES ('90', 'B341', 'B341');
INSERT INTO `code506` VALUES ('90', 'A870', 'A870');
INSERT INTO `code506` VALUES ('90', 'A850', 'A850');
INSERT INTO `code506` VALUES ('91', 'J09', 'J099');
INSERT INTO `code506` VALUES ('92', 'U071', 'U072');
INSERT INTO `code506` VALUES ('92', 'U109', 'U109');
INSERT INTO `code506` VALUES ('93', 'P350', 'P350');
INSERT INTO `code506` VALUES ('94', 'B04', 'B049');

-- ----------------------------
-- Table structure for `name506`
-- ----------------------------
DROP TABLE IF EXISTS `name506`;
CREATE TABLE `name506` (
  `code` varchar(255) DEFAULT NULL,
  `name` varchar(255) DEFAULT NULL,
  `code506` varchar(255) NOT NULL DEFAULT '',
  PRIMARY KEY (`code506`)
) ENGINE=MyISAM DEFAULT CHARSET=utf8;

-- ----------------------------
-- Records of name506
-- ----------------------------
INSERT INTO `name506` VALUES ('1', 'อหิวาตกโรค  [01]', '01');
INSERT INTO `name506` VALUES ('3', 'อาหารเป็นพิษ  [03]', '03');
INSERT INTO `name506` VALUES ('5', 'โรคบิดจากเชื้อชิเกลลา [05]', '05');
INSERT INTO `name506` VALUES ('6', 'โรคบิดมีตัวหรือโรคบิดจากเชื้ออะมีบา [06]', '06');
INSERT INTO `name506` VALUES ('8', 'ไข้ไทฟอยด์หรือไข้รากสาดน้อย [08]', '08');
INSERT INTO `name506` VALUES ('9', 'ไข้พาราไทฟอยด์หรือไข้รากสาดเทียม [09]', '09');
INSERT INTO `name506` VALUES ('11', 'โรคไวรัสตับอักเสบเฉียบพลัน ชนิด เอ [11]', '11');
INSERT INTO `name506` VALUES ('12', 'โรคไวรัสตับอักเสบเฉียบพลัน ชนิด บี [12]', '12');
INSERT INTO `name506` VALUES ('13', 'โรคไวรัสตับอักเสบเฉียบพลัน ชนิด ซี [13]', '13');
INSERT INTO `name506` VALUES ('15', 'ไข้หวัดใหญ่ [15]', '15');
INSERT INTO `name506` VALUES ('16', 'ไข้หัดเยอรมัน, ไข้หัดเยอรมันที่ไม่มีโรคแทรกซ้อน, ไข้หัดเยอรมันที่มีโรคแทรกซ้อน [16]', '16');
INSERT INTO `name506` VALUES ('17', 'โรคสุกใส หรือโรคอีสุกอีใส [17]', '17');
INSERT INTO `name506` VALUES ('19', 'ไข้กาฬหลังแอ่น [19]', '19');
INSERT INTO `name506` VALUES ('20', 'โรคโปลิโอ [20]', '20');
INSERT INTO `name506` VALUES ('21', 'ไข้หัดที่ไม่มีโรคแทรกซ้อน [21]', '21');
INSERT INTO `name506` VALUES ('22', 'ไข้หัดที่มีโรคแทรกซ้อน [22]', '22');
INSERT INTO `name506` VALUES ('23', 'โรคคอตีบ [23]', '23');
INSERT INTO `name506` VALUES ('24', 'โรคไอกรน [24]', '24');
INSERT INTO `name506` VALUES ('25', 'โรคบาดทะยัก [25]', '25');
INSERT INTO `name506` VALUES ('26', 'ไข้เลือดออก [26]', '26');
INSERT INTO `name506` VALUES ('27', 'ไข้เลือดออกช็อก [27]', '27');
INSERT INTO `name506` VALUES ('28', 'ไข้สมองอักเสบ [28]', '28');
INSERT INTO `name506` VALUES ('29', 'ไข้สมองอักเสบเจแปนนิส [29]', '29');
INSERT INTO `name506` VALUES ('30', 'ไข้มาลาเรีย [30]', '30');
INSERT INTO `name506` VALUES ('31', 'โรคปอดอักเสบ [31]', '31');
INSERT INTO `name506` VALUES ('37', 'โรคซิฟิลิส, โรคซิฟิลิสแต่กำเนิด [37]', '37');
INSERT INTO `name506` VALUES ('38', 'โรคหนองใน [38]', '38');
INSERT INTO `name506` VALUES ('39', 'โรคหนองในเทียม [39]', '39');
INSERT INTO `name506` VALUES ('40', 'โรคแผลริมอ่อน [40]', '40');
INSERT INTO `name506` VALUES ('41', 'กามโรคของต่อมและท่อน้ำเหลือง [41]', '41');
INSERT INTO `name506` VALUES ('42', 'โรคพิษสุนัขบ้า หรือโรคกลัวน้ำ [42]', '42');
INSERT INTO `name506` VALUES ('43', 'โรคเลปโตสไปโรสิส [43]', '43');
INSERT INTO `name506` VALUES ('44', 'โรคสครับไทฟัส [44]', '44');
INSERT INTO `name506` VALUES ('45', 'โรคแอนแทรกซ์ [45]', '45');
INSERT INTO `name506` VALUES ('46', 'โรคทริคิโนสิส [46]', '46');
INSERT INTO `name506` VALUES ('52', 'โรคคางทูม [52]', '52');
INSERT INTO `name506` VALUES ('53', 'โรคบาดทะยักในเด็กแรกเกิด [53]', '53');
INSERT INTO `name506` VALUES ('54', 'เยื่อหุ้มสมองอักเสบที่มิได้ระบุรายละเอียด [54]', '54');
INSERT INTO `name506` VALUES ('58', 'โรคอาหารเป็นพิษจากเห็ด [58]', '58');
INSERT INTO `name506` VALUES ('66', 'ไข้เด็งกี [66]', '66');
INSERT INTO `name506` VALUES ('69', 'โรคไวรัสตับอักเสบเฉียบพลัน ชนิด ดี [69]', '69');
INSERT INTO `name506` VALUES ('70', 'โรคไวรัสตับอักเสบเฉียบพลัน ชนิด อี [70]', '70');
INSERT INTO `name506` VALUES ('71', 'โรคมือเท้าปาก [71]', '71');
INSERT INTO `name506` VALUES ('72', 'โรคเมลิออยโดสิส [72]', '72');
INSERT INTO `name506` VALUES ('75', 'โรคพยาธิใบไม้ตับ [75]', '75');
INSERT INTO `name506` VALUES ('79', 'โรคเริมของอวัยวะสืบพันธุ์และทวารหนัก [79]', '79');
INSERT INTO `name506` VALUES ('80', 'โรคหูดอวัยวะเพศและทวารหนัก [80]', '80');
INSERT INTO `name506` VALUES ('82', 'โรคติดเชื้อสเตร็พโตคอคคัสซูอิส [82]', '82');
INSERT INTO `name506` VALUES ('83', 'โรคบรูเซลโลสิส [83]', '83');
INSERT INTO `name506` VALUES ('84', 'ไข้ปวดข้อยุงลาย [84]', '84');
INSERT INTO `name506` VALUES ('85', 'โรคโบทูลิซึม [85]', '85');
INSERT INTO `name506` VALUES ('87', 'โรคติดเชื้อไวรัสซิกา [87]', '87');
INSERT INTO `name506` VALUES ('90', 'ไข้เอนเทอโรไวรัส [90]', '90');
INSERT INTO `name506` VALUES ('91', 'ไข้หวัดนก [91]', '91');
INSERT INTO `name506` VALUES ('92', 'โรคติดเชื้อไวรัสโคโรนา 2019 [92]', '92');
INSERT INTO `name506` VALUES ('93', 'ไข้หัดเยอรมันแต่กำเนิด [93]', '93');
INSERT INTO `name506` VALUES ('94', 'ไข้ฝีดาษวานร [94]', '94');

-- ----------------------------
-- Table structure for `organism`
-- ----------------------------
DROP TABLE IF EXISTS `organism`;
CREATE TABLE `organism` (
  `Code` varchar(255) DEFAULT NULL,
  `Organism` varchar(255) DEFAULT NULL,
  `OrganismCode` varchar(5) DEFAULT NULL,
  `Complication` varchar(255) DEFAULT NULL,
  `ComplicationCode` varchar(5) DEFAULT NULL
) ENGINE=MyISAM DEFAULT CHARSET=utf8;

-- ----------------------------
-- Records of organism
-- ----------------------------
INSERT INTO `organism` VALUES ('01 ', '1 Vibrio cholerae El Tor Inaba', '1', '1 Asymptomatic infection ', '1');
INSERT INTO `organism` VALUES ('01 ', '2 Vibrio cholerae El Tor Ogawa', '2', '', ' ');
INSERT INTO `organism` VALUES ('01 ', '3 Vibrio cholerae El Tor Hikojima', '3', '', ' ');
INSERT INTO `organism` VALUES ('01 ', '4 Vibrio cholerae O139', '4', '', ' ');
INSERT INTO `organism` VALUES ('01 ', '5 Vibrio cholerae other or unspecified', '5', '', ' ');
INSERT INTO `organism` VALUES ('03', '1 Vibrio parahaemolyticus ', '1', '', ' ');
INSERT INTO `organism` VALUES ('03', '2 Salmonella enterica serovar Enteritidis ', '2', '', ' ');
INSERT INTO `organism` VALUES ('03', '3 Salmonella enterica serovar Typhimurium ', '3', '', ' ');
INSERT INTO `organism` VALUES ('03', '4 Other Salmonella spp. ', '4', '', ' ');
INSERT INTO `organism` VALUES ('03', '5 Unspecifed Salmonella spp. ', '5', '', ' ');
INSERT INTO `organism` VALUES ('03', '6 Staphylococcus spp. ', '6', '', ' ');
INSERT INTO `organism` VALUES ('03', '7 Listeria monocytogenes  ', '7', '', ' ');
INSERT INTO `organism` VALUES ('03', '8 Clostridium perfringens ', '8', '', ' ');
INSERT INTO `organism` VALUES ('03', '9 Bacillus cereus ', '9', '', ' ');
INSERT INTO `organism` VALUES ('03', '10 Cyclospora spp. ', '10', '', ' ');
INSERT INTO `organism` VALUES ('03', '11 Others ', '11', '', ' ');
INSERT INTO `organism` VALUES ('03', '12 Unknown ', '12', '', ' ');
INSERT INTO `organism` VALUES ('05', '1 Shigella dysenteriae (ICD-10: A03.0) ', '1', '', ' ');
INSERT INTO `organism` VALUES ('05', '2 Shigella fexneri (ICD-10: A03.1) ', '2', '', ' ');
INSERT INTO `organism` VALUES ('05', '3 Shigella boydii (ICD-10: A03.2) ', '3', '', ' ');
INSERT INTO `organism` VALUES ('05', '4 Shigella sonnei (ICD-10: A03.3) ', '4', '', ' ');
INSERT INTO `organism` VALUES ('05', '5 Other Shigellosis (ICD-10: A03.8) ', '5', '', ' ');
INSERT INTO `organism` VALUES ('05', '6 Shigellosis, unspecifed (ICD-10: A03.9) ', '6', '', ' ');
INSERT INTO `organism` VALUES ('06', '1 Acute amoebic dysentery (ICD-10: A06.0) ', '1', '', ' ');
INSERT INTO `organism` VALUES ('06', '2 Chronic intestinal amoebiasis (ICD-10: A06.1) ', '2', '', ' ');
INSERT INTO `organism` VALUES ('06', '3 Amoebic nondysenteric colitis (ICD-10: A06.2) ', '3', '', ' ');
INSERT INTO `organism` VALUES ('06', '4 Amoeboma of intestine (ICD-10: A06.3) ', '4', '', ' ');
INSERT INTO `organism` VALUES ('06', '5 Amoebic liver abscess (ICD-10: A06.4) ', '5', '', ' ');
INSERT INTO `organism` VALUES ('06', '6 Amoebic lung abscess (ICD-10: A06.5) ', '6', '', ' ');
INSERT INTO `organism` VALUES ('06', '7 Amoebic brain abscess (ICD-10: A06.6) ', '7', '', ' ');
INSERT INTO `organism` VALUES ('06', '8 Cutaneous amoebiasis (ICD-10: A06.7) ', '8', '', ' ');
INSERT INTO `organism` VALUES ('06', '9 Amoebic infection of other sites (ICD-10: A06.8) ', '9', '', ' ');
INSERT INTO `organism` VALUES ('06', '10 Amoebiasis, unspecifed (ICD-10: A06.9) ', '10', '', ' ');
INSERT INTO `organism` VALUES ('09', '1 Paratyphoid fever A (ICD-10: A01.1) ', '1', '', ' ');
INSERT INTO `organism` VALUES ('09', '2 Paratyphoid fever B (ICD-10: A01.2) ', '2', '', ' ');
INSERT INTO `organism` VALUES ('09', '3 Paratyphoid fever C (ICD-10: A01.3) ', '3', '', ' ');
INSERT INTO `organism` VALUES ('09', '4 Paratyphoid fever, unspecifed (ICD-10: A01.4) ', '4', '', ' ');
INSERT INTO `organism` VALUES ('75', '', ' ', '1. แสดงอาการ ', '1');
INSERT INTO `organism` VALUES ('75', '', ' ', '2. ไม่แสดงอาการ ', '2');
INSERT INTO `organism` VALUES ('15', '1 Infuenza A unknown subtype ', '1', '*', ' ');
INSERT INTO `organism` VALUES ('15', '2 Infuenza B  ', '2', '', ' ');
INSERT INTO `organism` VALUES ('15', '3 Infuenza A (H1) ', '3', '', ' ');
INSERT INTO `organism` VALUES ('15', '4 Infuenza A (H3) ', '4', '', ' ');
INSERT INTO `organism` VALUES ('15', '7 Other specify ', '7', '', ' ');
INSERT INTO `organism` VALUES ('15', '9 Unknown ', '9', '', ' ');
INSERT INTO `organism` VALUES ('31', '1. Viral pneumonia (ICD-10: J12) ', '1', '1. มีภาวะ Severe pneumonia ', '1');
INSERT INTO `organism` VALUES ('31', '2. Pneumonia due to Strep. pneumoniae (ICD-10: J13) ', '2', '2. ไม่มีภาวะ Severe pneumonia ', '2');
INSERT INTO `organism` VALUES ('31', '3. Pneumonia due to Hemophilus influenzae (ICD-10: J14) ', '3', '9. Unknown  ', '9');
INSERT INTO `organism` VALUES ('31', '4. Bacterial pneumonia ชนิดอื่นๆ (ICD-10: J15) ', '4', '', ' ');
INSERT INTO `organism` VALUES ('31', '5. Pneumonia due to other infectious organisms, not elsewhere classified ปอดอักเสบจากเชื้อจุลชีพอื่นๆ (ICD-10: J16) ', '5', '', ' ');
INSERT INTO `organism` VALUES ('31', '6. Legionnaires’ disease (ICD-10: A48.1) ', '6', '', ' ');
INSERT INTO `organism` VALUES ('31', '9. ไม่ทราบ, ไม่ระบุ หรือ ไม่ได้ส่งตรวจหาเชื้อก่อโรคปอดอักเสบ', '9', '', ' ');
INSERT INTO `organism` VALUES ('16', '1  IgM positive ', '1', '1 Encephalitis (ICD-10: B06.0) ', '1');
INSERT INTO `organism` VALUES ('16', '2  IgM negative ', '2', '2 Meningitis (ICD-10: B06.0) ', '2');
INSERT INTO `organism` VALUES ('16', '3  Inconclusive ', '3', '3 Meningoencephalitis (ICD-10: B06.0) ', '3');
INSERT INTO `organism` VALUES ('16', '9  Unknown ', '9', '4 Arthritis (ICD-10: B06.8) ', '4');
INSERT INTO `organism` VALUES ('16', '', ' ', '5 Pneumonia (ICD-10: B06.8)', '5');
INSERT INTO `organism` VALUES ('17', '1 Varicella Zoster Virus ', '1', '', ' ');
INSERT INTO `organism` VALUES ('17', '2 IgM/IgG positive ', '2', '', ' ');
INSERT INTO `organism` VALUES ('17', '3 IgM/IgG negative ', '3', '', ' ');
INSERT INTO `organism` VALUES ('17', '9 Unknown ', '9', '', ' ');
INSERT INTO `organism` VALUES ('20', '1 Wild type 1 ', '1', '', ' ');
INSERT INTO `organism` VALUES ('20', '2 Wild type 2 ', '2', '', ' ');
INSERT INTO `organism` VALUES ('20', '3 Wild type 3 ', '3', '', ' ');
INSERT INTO `organism` VALUES ('20', '4.VAPP ', '4', '', ' ');
INSERT INTO `organism` VALUES ('20', '5 VDPV ', '5', '', ' ');
INSERT INTO `organism` VALUES ('20', '9 Unknown ', '9', '', ' ');
INSERT INTO `organism` VALUES ('21', '1  IgM positive ', '1', '1  Encephalitis (ICD-10: B05.0) ', '1');
INSERT INTO `organism` VALUES ('22', '2  IgM negative ', '2', '2  Meningitis (ICD-10: B05.1) ', '2');
INSERT INTO `organism` VALUES ('22', '3  Inconclusive ', '3', '3  Pneumonia (ICD-10: B05.2) ', '3');
INSERT INTO `organism` VALUES ('22', '9  Unknown ', '9', '4  Otitis media (ICD-10: B05.3) ', '4');
INSERT INTO `organism` VALUES ('22', '', ' ', '5 Diarrhea (ICD-10: B05.4) ', '5');
INSERT INTO `organism` VALUES ('22', '', ' ', '6  Other (ICD-10: B05.8) ', '6');
INSERT INTO `organism` VALUES ('22', '', ' ', '7  Unknown ', '7');
INSERT INTO `organism` VALUES ('22', '', ' ', '8  Pneumonia + Diarrhea (ICD-10: B05.2 ร่วมกับ B05.4) ', '8');
INSERT INTO `organism` VALUES ('22', '', ' ', '9  Pneumonia + Encephalitis (ICD-10: B05.2 ร่วมกับ B05.0) ', '9');
INSERT INTO `organism` VALUES ('22', '', ' ', '10  Pneumonia + Other (ICD-10: B05.2 ร่วมกับ B05.8) ', '10');
INSERT INTO `organism` VALUES ('23', '1. Culture: Positive, Toxin: Positive ', '1', '', ' ');
INSERT INTO `organism` VALUES ('23', '2. Culture: Positive, Toxin: Negative ', '2', '', ' ');
INSERT INTO `organism` VALUES ('23', '3. Culture: Negative ', '3', '', ' ');
INSERT INTO `organism` VALUES ('23', '4. No sample/Specimen collection ', '4', '', ' ');
INSERT INTO `organism` VALUES ('24', '1. Bordetella pertussis ', '1', '', ' ');
INSERT INTO `organism` VALUES ('24', '2. Negative ', '2', '', ' ');
INSERT INTO `organism` VALUES ('24', '3. Inconclusive ', '3', '', ' ');
INSERT INTO `organism` VALUES ('24', '9. Unknown ', '9', '', ' ');
INSERT INTO `organism` VALUES ('52', '1. Mumps virus ', '1', '', ' ');
INSERT INTO `organism` VALUES ('52', '2. IgM/IgG positive ', '2', '', ' ');
INSERT INTO `organism` VALUES ('52', '9. Unknown ', '9', '', ' ');
INSERT INTO `organism` VALUES ('93', '1 มีผลตรวจทางห้องปฏิบัติการเป็นบวก ', '1', '', ' ');
INSERT INTO `organism` VALUES ('93', '2 มีผลตรวจทางห้องปฏิบัติการเป็นลบ ', '2', '', ' ');
INSERT INTO `organism` VALUES ('93', '3 ไม่ได้ส่งตรวจ/ไม่ทราบ', '3', '', ' ');
INSERT INTO `organism` VALUES ('19', '1. N. meningitides group A ', '1', '', ' ');
INSERT INTO `organism` VALUES ('19', '2. N. meningitides group B / E. coli K 1 ', '2', '', ' ');
INSERT INTO `organism` VALUES ('19', '3. N. meningitides group C ', '3', '', ' ');
INSERT INTO `organism` VALUES ('19', '4. N. meningitides group Y / W 135 ', '4', '', ' ');
INSERT INTO `organism` VALUES ('19', '5. N. meningitides group X      ', '5', '', ' ');
INSERT INTO `organism` VALUES ('19', '6. N. meningitides unknown serogroup ', '6', '', ' ');
INSERT INTO `organism` VALUES ('19', '9. Unknown ', '9', '', ' ');
INSERT INTO `organism` VALUES ('28', '1.  Viral encephalitis  ', '1', '', ' ');
INSERT INTO `organism` VALUES ('28', '2.  Bacterial encephalitis  ', '2', '', ' ');
INSERT INTO `organism` VALUES ('28', '3.  Encephalitis, others  ', '3', '', ' ');
INSERT INTO `organism` VALUES ('28', '4.  Encephalitis, unspecified  ', '4', '', ' ');
INSERT INTO `organism` VALUES ('28', '9. Unknown  ', '9', '', ' ');
INSERT INTO `organism` VALUES ('26', '1. DENV 1 ', '1', '', ' ');
INSERT INTO `organism` VALUES ('26', '2. DENV 2 ', '2', '', ' ');
INSERT INTO `organism` VALUES ('26', '3. DENV 3 ', '3', '', ' ');
INSERT INTO `organism` VALUES ('26', '4. DENV 4 ', '4', '', ' ');
INSERT INTO `organism` VALUES ('26', '9. Unknown ', '9', '', ' ');
INSERT INTO `organism` VALUES ('27', '1. DENV 1 ', '1', '', ' ');
INSERT INTO `organism` VALUES ('27', '2. DENV 2 ', '2', '', ' ');
INSERT INTO `organism` VALUES ('27', '3. DENV 3 ', '3', '', ' ');
INSERT INTO `organism` VALUES ('27', '4. DENV 4 ', '4', '', ' ');
INSERT INTO `organism` VALUES ('27', '9. Unknown ', '9', '', ' ');
INSERT INTO `organism` VALUES ('30', '1. PF : Plasmodium falciparum       ', '1', '1 Asymptomatic infection ', '1');
INSERT INTO `organism` VALUES ('30', '2. PV : Plasmodium vivax       ', '2', '', ' ');
INSERT INTO `organism` VALUES ('30', '3. PM : Plasmodium malariae       ', '3', '', ' ');
INSERT INTO `organism` VALUES ('30', '4. Mixed type    ', '4', '', ' ');
INSERT INTO `organism` VALUES ('30', '5. PO : Plasmodium ovale     ', '5', '', ' ');
INSERT INTO `organism` VALUES ('30', '6. PK : Plasmodium knowlesi          ', '6', '', ' ');
INSERT INTO `organism` VALUES ('30', '9. Unknown ', '9', '', ' ');
INSERT INTO `organism` VALUES ('44', '1 Typhus fever due to rickettsia typhi   ', '1', '', ' ');
INSERT INTO `organism` VALUES ('44', '2. Typhus fever due to rickettsia tsutgamushi  ', '2', '', ' ');
INSERT INTO `organism` VALUES ('44', '3 Typhus fever, unspecified ', '3', '', ' ');
INSERT INTO `organism` VALUES ('44', '9 Unknown ', '9', '', ' ');
INSERT INTO `organism` VALUES ('66', '1. DENV 1 ', '1', '', ' ');
INSERT INTO `organism` VALUES ('66', '2. DENV 2 ', '2', '', ' ');
INSERT INTO `organism` VALUES ('66', '3. DENV 3 ', '3', '', ' ');
INSERT INTO `organism` VALUES ('66', '4. DENV 4 ', '4', '', ' ');
INSERT INTO `organism` VALUES ('66', '9. Unknown ', '9', '', ' ');
INSERT INTO `organism` VALUES ('84', '1. Asian  ', '1', '', ' ');
INSERT INTO `organism` VALUES ('84', '2. West African ', '2', '', ' ');
INSERT INTO `organism` VALUES ('84', '3. ECSA ', '3', '', ' ');
INSERT INTO `organism` VALUES ('84', '4. Chikungunya virus, Unspecified ', '4', '', ' ');
INSERT INTO `organism` VALUES ('84', '9. Unknown ', '9', '', ' ');
INSERT INTO `organism` VALUES ('87', '1. Asian  ', '1', '1. Pregnant woman ', '1');
INSERT INTO `organism` VALUES ('87', '2. African ', '2', '2. Microcephaly ', '2');
INSERT INTO `organism` VALUES ('87', '3. Zika virus, Unspecified ', '3', '3. Guillain–Barré syndrome (GBS) ', '3');
INSERT INTO `organism` VALUES ('87', '9. Unknown ', '9', '', ' ');
INSERT INTO `organism` VALUES ('37', '1. Primary syphilis', '1', '', ' ');
INSERT INTO `organism` VALUES ('37', '2. Secondary syphilis', '2', '', ' ');
INSERT INTO `organism` VALUES ('37', '3. Latent syphilis', '3', '', ' ');
INSERT INTO `organism` VALUES ('71', '1. HFM ไม่ระบุเชื้อ ', '1', '', ' ');
INSERT INTO `organism` VALUES ('71', '2. Herpangina ไม่ระบุเชื้อ ', '2', '', ' ');
INSERT INTO `organism` VALUES ('71', '3. Enterovirus 71 ', '3', '', ' ');
INSERT INTO `organism` VALUES ('71', '4. Coxsackie A ', '4', '', ' ');
INSERT INTO `organism` VALUES ('71', '5. Coxsackie B ', '5', '', ' ');
INSERT INTO `organism` VALUES ('71', '6. Enterovirus other or unspecified ', '6', '', ' ');
INSERT INTO `organism` VALUES ('72', '1 Rapid test: positive ', '1', '', ' ');
INSERT INTO `organism` VALUES ('72', '2 Culture: positive ', '2', '', ' ');
INSERT INTO `organism` VALUES ('72', '3 PCR: positive ', '3', '', ' ');
INSERT INTO `organism` VALUES ('72', '9 Unknown ', '9', '', ' ');
INSERT INTO `organism` VALUES ('90', '1. Enteroviral encephalitis  ', '1', '', ' ');
INSERT INTO `organism` VALUES ('90', '2. Enteroviral meningitis  ', '2', '', ' ');
INSERT INTO `organism` VALUES ('90', '3. Enterovirus infection, unspecified site ', '3', '', ' ');
INSERT INTO `organism` VALUES ('42', '1 Sylvatic rabies (A82.0) ', '1', '1 อาการ Typical rabies และผลการตรวจทางห้องปฏิบัติการ จำเพาะเป็นบวก ', '1');
INSERT INTO `organism` VALUES ('42', '2 Urban rabies (A82.1) ', '2', '2 อาการ Typical rabies ผลการตรวจทางห้องปฏิบัติการจำเพาะเป็นลบ ', '2');
INSERT INTO `organism` VALUES ('42', '3 Rabies, unspecified (A82.9) ', '3', '3 อาการ Typical rabies ไม่ได้ส่งตัวอย่างตรวจ ', '3');
INSERT INTO `organism` VALUES ('42', '', ' ', '4 อาการไม่ได้เข้าลักษณะ Typical rabies แต่ผลการตรวจเป็นบวก ด้วยวิธีการตรวจทางห้องปฏิบัติการจำเพาะวิธีใดวิธีหนึ่ง', '4');
INSERT INTO `organism` VALUES ('43', '1 Leptospira interogans', '1', '1 Leptospirosis icterohemorrhagica  ', '1');
INSERT INTO `organism` VALUES ('43', '2 Leptospira borgpetersenii ', '2', '2 Aseptic meningitis in leptospirosis  ', '2');
INSERT INTO `organism` VALUES ('43', '3 Other pathogenic strains of Leptospira', '3', '3 Other forms of leptospirosis', '3');
INSERT INTO `organism` VALUES ('43', '4 Non–pathogenic strains of Leptospira', '4', '4 Leptospirosis, unspecified', '4');
INSERT INTO `organism` VALUES ('43', '5. Unspecies', '5', '', ' ');
INSERT INTO `organism` VALUES ('45', '1. Cutaneous anthrax (A22.0) ', '1', '', ' ');
INSERT INTO `organism` VALUES ('45', '2. Pulmonary anthrax (A22.1) ', '2', '', ' ');
INSERT INTO `organism` VALUES ('45', '3. Gastrointestinal anthrax (A22.2) ', '3', '', ' ');
INSERT INTO `organism` VALUES ('45', '4. Anthrax sepsis (A22.7) ', '4', '', ' ');
INSERT INTO `organism` VALUES ('45', '5. Other forms of anthrax (A22.8) ', '5', '', ' ');
INSERT INTO `organism` VALUES ('45', '6. Anthrax, unspecified (A22.9) ', '6', '', ' ');
INSERT INTO `organism` VALUES ('46', '', ' ', '1. ผู้ป่วยมีอาการเข้าได้กับนิยาม ', '1');
INSERT INTO `organism` VALUES ('46', '', ' ', '2. Asymptomatic case แต่ผลการตรวจภูมิคุ้มกันให้ผลบวก', '2');
INSERT INTO `organism` VALUES ('82', '', ' ', '1. การติดเชื้อในกระแสโลหิตโดยที่ไม่มีอาการแทรกซ้อนอื่น ๆ ', '1');
INSERT INTO `organism` VALUES ('82', '', ' ', '2. เยื่อหุ้มสมองอักเสบ ได้แก่ มีไข้ ร่วมกับปวดศีรษะมาก คอแข็ง หรือร่วมกับมีอาการหูหนวก หรือการได้ยินลดลงอย่างเฉียบพลัน ', '2');
INSERT INTO `organism` VALUES ('82', '', ' ', '3. อาการแทรกซ้อนจากการติดเชื้อในกระแสเลือดสู่อวัยวะอื่นๆ ได้แก่ ข้ออักเสบ (Septic arthritis) ลิ้นหัวใจอักเสบ  (Infective endocarditis) ปอดอักเสบ (Bacteremic กระดูกอักเสบติดเชื้อ (Septic spondylodiscitis) การติดเชื้อภายใน pneumonia) หมอนรองลูกตา (Endophtha', '3');
INSERT INTO `organism` VALUES ('83', '1. Brucella melitensis (A23.0) ', '1', '', ' ');
INSERT INTO `organism` VALUES ('83', '2. Brucella abortus (A23.1) ', '2', '', ' ');
INSERT INTO `organism` VALUES ('83', '3. Brucella suis (A23.2) ', '3', '', ' ');
INSERT INTO `organism` VALUES ('83', '4. Brucella canis (A23.3) ', '4', '', ' ');
INSERT INTO `organism` VALUES ('83', '5. Other brucellosis (A23.8) ', '5', '', ' ');
INSERT INTO `organism` VALUES ('83', '6. Brucellosis, unspecified (A23.9) ', '6', '', ' ');
INSERT INTO `organism` VALUES ('91', '1. H5 ', '1', '', ' ');
INSERT INTO `organism` VALUES ('91', '2. H7 ', '2', '', ' ');
INSERT INTO `organism` VALUES ('91', '3. H9 ', '3', '', ' ');
INSERT INTO `organism` VALUES ('91', '8. Other specify ', '8', '', ' ');
INSERT INTO `organism` VALUES ('91', '9. Unknown ', '9', '', ' ');

-- ----------------------------
-- Table structure for `provis_code506`
-- ----------------------------
DROP TABLE IF EXISTS `provis_code506`;
CREATE TABLE `provis_code506` (
  `code` varchar(255) NOT NULL DEFAULT '',
  `name` varchar(255) DEFAULT NULL,
  PRIMARY KEY (`code`)
) ENGINE=MyISAM DEFAULT CHARSET=utf8;

-- ----------------------------
-- Records of provis_code506
-- ----------------------------
INSERT INTO `provis_code506` VALUES ('01', 'Cholera ');
INSERT INTO `provis_code506` VALUES ('03', 'Food poisoning ');
INSERT INTO `provis_code506` VALUES ('05', 'Shigellosis dysentery, Bacillary dysentery');
INSERT INTO `provis_code506` VALUES ('06', 'Amoebic dysentery, Amoebiasis');
INSERT INTO `provis_code506` VALUES ('08', 'Typhoid fever');
INSERT INTO `provis_code506` VALUES ('09', 'paratyphoid fever');
INSERT INTO `provis_code506` VALUES ('11', 'Acute hepatitis A Virus');
INSERT INTO `provis_code506` VALUES ('12', 'Acute hepatitis B Virus');
INSERT INTO `provis_code506` VALUES ('13', 'Acute hepatitis C Virus');
INSERT INTO `provis_code506` VALUES ('15', 'Infuenza, (Flu) ');
INSERT INTO `provis_code506` VALUES ('16', 'Rubella, Rubella without complication, Rubella with complication  ');
INSERT INTO `provis_code506` VALUES ('17', 'Varicella, Chickenpox');
INSERT INTO `provis_code506` VALUES ('19', 'Meningococcal meningitis');
INSERT INTO `provis_code506` VALUES ('20', 'Poliomyelitis');
INSERT INTO `provis_code506` VALUES ('21', 'Measles ');
INSERT INTO `provis_code506` VALUES ('22', 'Measles with complication ');
INSERT INTO `provis_code506` VALUES ('23', 'Diphtheria ');
INSERT INTO `provis_code506` VALUES ('24', 'Pertussis');
INSERT INTO `provis_code506` VALUES ('25', 'Tetanus');
INSERT INTO `provis_code506` VALUES ('26', 'Dengue haemorrhagic fever (DHF)');
INSERT INTO `provis_code506` VALUES ('27', 'Dengue shock syndrome (DSS)');
INSERT INTO `provis_code506` VALUES ('28', 'Encephalitis');
INSERT INTO `provis_code506` VALUES ('29', 'Japanese B encephalitis, J.E.');
INSERT INTO `provis_code506` VALUES ('30', 'Malaria');
INSERT INTO `provis_code506` VALUES ('31', 'Pneumonia');
INSERT INTO `provis_code506` VALUES ('37', 'Syphilis  ');
INSERT INTO `provis_code506` VALUES ('38', 'Gonorrhea');
INSERT INTO `provis_code506` VALUES ('39', 'Non Gonococcal Urethritis (NGU)');
INSERT INTO `provis_code506` VALUES ('40', 'Chancroid');
INSERT INTO `provis_code506` VALUES ('41', 'Lymphogranuloma venereum, GranulomaInguinale');
INSERT INTO `provis_code506` VALUES ('42', 'Rabies, Hydrophobia');
INSERT INTO `provis_code506` VALUES ('43', 'Leptospirosis, Wei?s disease');
INSERT INTO `provis_code506` VALUES ('44', 'Scrub typhus');
INSERT INTO `provis_code506` VALUES ('45', 'Anthrax');
INSERT INTO `provis_code506` VALUES ('46', 'Trichinosis, Trichinellosis, Trichiniasis');
INSERT INTO `provis_code506` VALUES ('52', 'Mumps');
INSERT INTO `provis_code506` VALUES ('53', 'Neonatal Tetanus');
INSERT INTO `provis_code506` VALUES ('54', 'Unspecified meningitis');
INSERT INTO `provis_code506` VALUES ('58', 'Mushroom poisoning');
INSERT INTO `provis_code506` VALUES ('66', 'Dengue fever ');
INSERT INTO `provis_code506` VALUES ('69', 'Acute hepatitis D virus');
INSERT INTO `provis_code506` VALUES ('70', 'Acute hepatitis E virus');
INSERT INTO `provis_code506` VALUES ('71', 'Hand foot and mouth disease ');
INSERT INTO `provis_code506` VALUES ('72', 'Melioidosis');
INSERT INTO `provis_code506` VALUES ('75', 'Liver fluke');
INSERT INTO `provis_code506` VALUES ('79', 'Anogenital Herpes');
INSERT INTO `provis_code506` VALUES ('80', 'Condyloma acuminata หรือ Venereal warts');
INSERT INTO `provis_code506` VALUES ('82', 'Streptococcus suis infection');
INSERT INTO `provis_code506` VALUES ('83', 'Brucellosis ');
INSERT INTO `provis_code506` VALUES ('84', 'Chikungunya fever');
INSERT INTO `provis_code506` VALUES ('85', 'Botulism');
INSERT INTO `provis_code506` VALUES ('87', 'Zika fever');
INSERT INTO `provis_code506` VALUES ('90', 'Enterovirus Fever');
INSERT INTO `provis_code506` VALUES ('91', 'Avian Influenza');
INSERT INTO `provis_code506` VALUES ('92', 'Coronavirus disease 2019 (COVID-19), MISC from COVID-19');
INSERT INTO `provis_code506` VALUES ('93', 'Congenital rubella syndrome');
INSERT INTO `provis_code506` VALUES ('94', 'Monkeypox');
INSERT INTO `provis_code506` VALUES ('0', null);

-- ----------------------------
-- Table structure for `tbl_epidem_report`
-- ----------------------------
DROP TABLE IF EXISTS `tbl_epidem_report`;
CREATE TABLE `tbl_epidem_report` (
  `vn` varchar(50) NOT NULL,
  `epidem_report_guid` varchar(50) DEFAULT NULL,
  `epidem_report_group_id` varchar(50) DEFAULT NULL,
  `treated_hospital_code` varchar(10) DEFAULT NULL,
  `report_datetime` varchar(50) DEFAULT NULL,
  `onset_date` varchar(50) DEFAULT NULL,
  `treated_date` varchar(50) DEFAULT NULL,
  `diagnosis_date` varchar(50) DEFAULT NULL,
  `death_date` varchar(50) DEFAULT NULL,
  `cdeath` varchar(250) DEFAULT NULL,
  `informer_name` varchar(50) DEFAULT NULL,
  `principal_diagnosis_icd10` varchar(50) DEFAULT NULL,
  `diagnosis_icd10_list` varchar(50) DEFAULT NULL,
  `organism` varchar(250) DEFAULT NULL,
  `complication` varchar(250) DEFAULT NULL,
  `epidem_person_status_id` varchar(50) DEFAULT NULL,
  `epidem_symptom_type_id` varchar(50) DEFAULT NULL,
  `respitalor_status` varchar(5) DEFAULT NULL,
  `vaccinated_status` varchar(5) DEFAULT NULL,
  `municipal` varchar(50) DEFAULT NULL,
  `epidem_address` varchar(50) DEFAULT NULL,
  `epidem_moo` varchar(50) DEFAULT NULL,
  `epidem_road` varchar(50) DEFAULT NULL,
  `epidem_chw_code` varchar(10) DEFAULT NULL,
  `epidem_amp_code` varchar(10) DEFAULT NULL,
  `epidem_tmb_code` varchar(10) DEFAULT NULL,
  `location_gis_latitude` varchar(50) DEFAULT NULL,
  `location_gis_longitude` varchar(50) DEFAULT NULL,
  `isolate_chw_code` varchar(10) DEFAULT NULL,
  `patient_type` varchar(10) DEFAULT NULL,
  `active_case_finding` text,
  `epidem_covid_cluster_type_id` varchar(50) DEFAULT NULL,
  `cluster_latitude` varchar(50) DEFAULT NULL,
  `cluster_longitude` varchar(50) DEFAULT NULL,
  PRIMARY KEY (`vn`)
) ENGINE=MyISAM DEFAULT CHARSET=utf8;

-- ----------------------------
-- Records of tbl_epidem_report
-- ----------------------------
INSERT INTO `tbl_epidem_report` VALUES ('6610190018', '1A9D420B-8E24-4602-A6B4-6C2183B1FF6C', '31', '11847', '2566-10-20 09:42', '2566-10-20', '2566-10-20', '2566-10-20', '', '', '', 'J189', 'J189', '', '', '2,3', '2,3', 'N', 'N', '2,3', '71  ', 'ม.1', '', '20', '01', '09', '', '', '20', 'OPD', '', '', '', '');
INSERT INTO `tbl_epidem_report` VALUES ('6610190225', '98799760-5E96-49E9-9766-FB5E2108B1D8', '15', '11847', '2566-10-20 09:54', '2566-10-17', '2566-10-19', '2566-10-19', '', '', '', 'J101', 'J101', '1', '', '2,3', '2,3', 'N', 'N', '2,3', 'บ.สยามซันโปร  ', ' ', '', '20', '01', '09', '', '', '20', 'OPD', '', '', '', '');
INSERT INTO `tbl_epidem_report` VALUES ('6610190200', '7A661222-EAE3-453F-BD52-C18508894249', '92', '11847', '2566-10-20 10:03', '2566-10-17', '2566-10-19', '2566-10-19', '', '', '', 'U071', 'R508', '', '', '2,3', '2,3', 'N', 'N', '2,3', '72/72  ', ' ', '', '10', '15', '04', '', '', '20', 'OPD', '', '', '', '');
INSERT INTO `tbl_epidem_report` VALUES ('6610200388', 'BE3A8969-2F2B-41EF-9F54-72E760317EB5', '15', '11847', '2566-10-17 09:16', '2566-10-20', '2566-10-17', '2566-10-20', '0544-01-01', '', '', 'J101', 'J101', '', '', '3,4', '0,1', 'N', 'N', '2,3', '25/1  ', ' ', '', '20', '06', '', '', '', '20', 'OPD', '', '', '', '');
INSERT INTO `tbl_epidem_report` VALUES ('6610240401', '40458BC7-4010-4EA9-B440-4F56B1358715', '92', '11847', '2566-10-25 08:55', '2566-10-21', '2566-10-24', '2566-10-24', '', '', 'ศศิกานต์ วาปีทะ', 'U071', 'R508', '', '', '2,3', '1,2', 'N', 'N', '2,3', '64/5  ', ' ', '', '20', '01', '07', '', '', '20', 'OPD', '', '', '', '');
INSERT INTO `tbl_epidem_report` VALUES ('6610240254', '84B4DA07-483E-48A1-86DD-A7D005993559', '92', '11847', '2566-10-25 09:03', '2566-10-21', '2566-10-24', '2566-10-24', '0544-01-01', '', 'ศศิกานต์ วาปีทะ', 'U071', 'R508', '', '', '2,3', '1,2', 'N', 'N', '2,3', '18/4  ', ' ', '', '20', '01', '05', '', '', '20', 'OPD', '', '', '', '');
INSERT INTO `tbl_epidem_report` VALUES ('6610240451', 'B4256F5E-7E4B-461E-A75C-77FB6B3B2836', '92', '11847', '2566-10-25 09:19', '2566-10-21', '2566-10-24', '2566-10-24', '', '', 'ศศิกานต์ วาปีทะ', 'R508', 'U071, ', '', '', '3,4', '1,2', 'N', 'N', '2,3', '79/55 8', '', '', '22', '01', '06', '', '', '20', 'OPD', '', '', '', '');
INSERT INTO `tbl_epidem_report` VALUES ('6610240264', 'F4224ACC-2143-484E-93BF-AFE5A5530143', '15', '11847', '2566-10-25 09:23', '2566-10-22', '2566-10-24', '2566-10-24', '', '', 'ศศิกานต์ วาปีทะ', 'J101', 'I10, ', '', '', '2,3', '1,2', 'N', 'N', '2,3', '26/42 มบ.สวนพฤกษา ซ.11', ' ', '', '20', '01', '05', '', '', '20', 'OPD', '', '', '', '');
INSERT INTO `tbl_epidem_report` VALUES ('6610240180', 'FE728B2D-DFFF-4480-AA83-DB16808BA1DC', '15', '11847', '2566-10-25 09:25', '2566-10-22', '2566-10-24', '2566-10-24', '', '', 'ศศิกานต์ วาปีทะ', 'J101', 'J101', '', '', '2,3', '1,2', 'N', 'N', '2,3', '25 ซ.13 ถ.บางแสนสาย 2 แสนสุข', ' ', '', '20', '01', '04', '', '', '20', 'OPD', '', '', '', '');
INSERT INTO `tbl_epidem_report` VALUES ('6610240346', 'D7F72980-51FC-4DB4-A7C9-7809FBF1D536', '15', '11847', '2566-10-25 09:26', '2566-10-19', '2566-10-24', '2566-10-24', '', '', 'ศศิกานต์ วาปีทะ', 'J101', 'J101', '', '', '2,3', '1,2', 'N', 'N', '2,3', '11/44  ', 'ม.9', '', '20', '01', '07', '', '', '20', 'OPD', '', '', '', '');
INSERT INTO `tbl_epidem_report` VALUES ('6610230122', '247F3E7F-149F-40AB-A445-3C2D93AEE443', '15', '11847', '2566-10-25 09:32', '2566-10-20', '2566-10-23', '2566-10-23', '', '', 'ศศิกานต์ วาปีทะ', 'J101', 'J101', '', '', '3,4', '1,2', 'N', 'N', '2,3', '15/59  ', 'ม.6', '', '20', '01', '05', '', '', '20', 'OPD', '', '', '', '');
INSERT INTO `tbl_epidem_report` VALUES ('6610240520', '32A380CC-B19C-4B2B-9B50-DC611E0B15E8', '15', '11847', '2566-10-25 09:55', '2566-10-21', '2566-10-24', '2566-10-24', '', '', 'ศศิกานต์ วาปีทะ', 'J101', 'J101', '', '', '2,3', '1,2', 'N', 'N', '2,3', '199/633  ', ' ', '', 'CY', 'FO', '', '', '', '20', 'OPD', '', '', '', '');
INSERT INTO `tbl_epidem_report` VALUES ('6610240535', 'D8392FD8-A8AE-433B-97E4-2170A8843DF0', '15', '11847', '2566-10-27 09:50', '2566-10-24', '2566-10-24', '2566-10-24', '0544-01-01', '', 'โสรญา นาคเจริญ', 'J101', 'J101', '1', '', '2,3', '1,2', 'N', 'N', '2,3', '156 ม.20', ' ', '', '44', '12', '02', '', '', '20', 'OPD', '', '', '', '');
INSERT INTO `tbl_epidem_report` VALUES ('6610260286', 'E854F7AB-6C97-4401-88BA-C302E68D2B5D', '15', '11847', '2566-10-26 09:50', '2566-10-26', '2566-10-27', '2566-10-27', '0544-01-01', '', 'วาสนา บ้านไกล', 'J101', 'J101', '2', '', '2,3', '1,2', 'N', 'N', '2,3', '222/237 ม.1', '1', '', '20', '01', '09', '', '', '20', 'OPD', '', '', '', '');
INSERT INTO `tbl_epidem_report` VALUES ('6610260246', '81E83994-67CB-4060-A5F4-A6E0CE85B3BF', '15', '11847', '2566-10-25 09:55', '2566-10-25', '2566-10-26', '2566-10-26', '0544-01-01', '', 'วาสนา บ้านไกล', 'J101', 'J101', '2', '', '2,3', '1,2', 'N', 'N', '2,3', 'บ.โตโยด้า โกเซ (ประเทศไทย) จำกัด บ้านเก่า', ' ', '', '20', '05', '', '', '', '20', 'OPD', '', '', '', '');
INSERT INTO `tbl_epidem_report` VALUES ('6610260307', 'A963B40A-DB77-405A-A601-893865FA0B5A', '15', '11847', '2566-10-27 09:58', '2566-10-24', '2566-10-26', '2566-10-26', '', '', 'โสรญา นาคเจริญ', 'J101', 'J101', '1', '', '2,3', '1,2', 'N', 'N', '1,2', '114  ', 'ม.10', '', '20', '01', '07', '', '', '20', 'OPD', '', '', '', '');
INSERT INTO `tbl_epidem_report` VALUES ('6610260231', 'D7B2CA45-F434-4B3C-AF4E-7A67D4AAC3EE', '15', '11847', '2566-10-27 10:00', '2566-10-23', '2566-10-26', '2566-10-26', '', '', 'โสรญา นาคเจริญ', 'J101', 'J101', '1', '', '2,3', '1,2', 'N', 'N', '2,3', '88/56  ', 'ม.1', '', '20', '05', '04', '', '', '20', 'OPD', '', '', '', '');
INSERT INTO `tbl_epidem_report` VALUES ('6610260181', '78D4C76A-77E1-49C8-A025-7966B6E20166', '15', '11847', '2566-10-27 10:03', '2566-10-26', '2566-10-26', '2566-10-26', '', '', 'โสรญา นาคเจริญ', 'J101', 'J101', '1', '', '2,3', '1,2', 'N', 'N', '2,3', '39/3  ', 'ม.3', '', '20', '01', '18', '', '', '20', 'OPD', '', '', '', '');
INSERT INTO `tbl_epidem_report` VALUES ('6610260162', 'C2ABE60A-2073-49A3-AD0C-72E2B5F469CF', '15', '11847', '2566-10-27 10:04', '2566-10-19', '2566-10-26', '2566-10-26', '', '', 'โสรญา นาคเจริญ', 'J101', 'J101', '1', '', '2,3', '1,2', 'N', 'N', '2,3', '62/2  ', 'ม.4', '', '20', '02', '03', '', '', '20', 'OPD', '', '', '', '');
INSERT INTO `tbl_epidem_report` VALUES ('6610240525', '3FB5F0FC-DC82-41E4-9DF0-2EEDCFEF7852', '15', '11847', '2566-10-27 10:07', '2566-10-24', '2566-10-24', '2566-10-24', '', '', 'โสรญา นาคเจริญ', 'J101', 'J101', '1', '', '2,3', '1,2', 'N', 'N', '2,3', '399/80 ม.2  ', ' ', '', '20', '05', '07', '', '', '20', 'OPD', '', '', '', '');
INSERT INTO `tbl_epidem_report` VALUES ('6610240536', 'DB316C71-A228-42AC-8DC7-1FA995BD18E1', '15', '11847', '2566-10-27 10:09', '2566-10-23', '2566-10-24', '2566-10-24', '', '', 'โสรญา นาคเจริญ', 'J101', 'J101', '1', '', '2,3', '1,2', 'N', 'N', '2,3', '52  ', 'ม.10', '', '20', '01', '05', '', '', '20', 'OPD', '', '', '', '');
INSERT INTO `tbl_epidem_report` VALUES ('6610260003', 'C175562D-6520-49AA-9AF6-5C0B102FB343', '15', '11847', '2566-10-27 11:50', '2566-10-27', '2566-10-26', '2566-10-26', '0544-01-01', '', 'ยูลิตา งาทอง', 'J101', 'E119, ', '1', '', '2,3', '1,2', 'N', 'N', '2,3', '59/226  ', ' ', '', '20', '05', '04', '', '', '20', 'OPD', '', '', '', '');
INSERT INTO `tbl_epidem_report` VALUES ('6610270355', 'AA8ED378-176A-4DEF-9B30-980D12A7BF24', '15', '11847', '2566-10-28 08:49', '2566-10-24', '2566-10-27', '2566-10-27', '0544-01-01', '', 'ศศิกานต์ วาปีทะ', 'J101', 'J101', '', '', '0,1', '1,2', 'N', 'N', '0,1', '  บ.ไทยซากาทาโก', '12 ', 'บางนา-ตราด', '11', '03', '', '', '', '20', 'OPD', '', '', '', '');
INSERT INTO `tbl_epidem_report` VALUES ('6610260527', 'F892241D-986C-4A28-9EBE-5A73BFA20D30', '15', '11847', '2566-10-28 08:50', '2566-10-26', '2566-10-26', '2566-10-26', '', '', 'โสรญา นาคเจริญ', 'J101', 'J101', '1', '', '2,3', '1,2', 'N', 'N', '2,3', '58/36 หนองรี', ' ', '', '20', '01', '06', '', '', '20', 'OPD', '', '', '', '');
INSERT INTO `tbl_epidem_report` VALUES ('6610260503', 'FFFF76F4-EE20-48F4-AC77-FDC3CC87518D', '92', '11847', '2566-10-28 08:58', '2566-10-26', '2566-10-26', '2566-10-26', '', '', 'โสรญา นาคเจริญ', 'U071', 'R508', '', '', '2,3', '1,2', 'N', 'N', '2,3', '72/594  ', 'ม.1', '', '20', '01', '07', '', '', '20', 'OPD', '', '', '', '');
INSERT INTO `tbl_epidem_report` VALUES ('6610270244', 'F75B3AE0-CF0A-41B0-AE9E-CE71E0EAE734', '15', '11847', '2566-10-28 09:03', '2566-10-25', '2566-10-27', '2566-10-27', '', '', 'ศศิกานต์ วาปีทะ', 'J101', 'J101', '', '', '0,1', '1,2', 'N', 'N', '2,3', '2/17  ', 'ม.1', '', '20', '01', '09', '', '', '20', 'OPD', '', '', '', '');
INSERT INTO `tbl_epidem_report` VALUES ('6610270203', '1BF86681-3F94-41A2-B2BA-E6CB5A4D237C', '15', '11847', '2566-10-28 09:05', '2566-10-25', '2566-10-27', '2566-10-27', '', '', 'ศศิกานต์ วาปีทะ', 'J101', 'J101', '', '', '0,1', '1,2', 'N', 'N', '2,3', '333/83 ', 'ม.1', '', '20', '01', '09', '', '', '20', 'OPD', '', '', '', '');
INSERT INTO `tbl_epidem_report` VALUES ('6610270498', 'D3B38FC9-8497-4ADE-BCCB-79BEBA628CDB', '15', '11847', '2566-10-29 08:33', '2566-10-25', '2566-10-27', '2566-10-27', '', '', 'ศศิกานต์ วาปีทะ', 'J101', 'J101', '', '', '0,1', '1,2', 'N', 'N', '', '1/37  ', ' ', '', '20', '01', '13', '', '', '20', 'OPD', '', '', '', '');
INSERT INTO `tbl_epidem_report` VALUES ('6610280391', 'ED305F65-F086-446A-A539-F3BF66D6C833', '15', '11847', '2566-10-29 08:36', '2566-10-24', '2566-10-28', '2566-10-28', '', '', 'โสรญา นาคเจริญ', 'J101', 'J101', '1', '', '2,3', '1,2', 'N', 'N', '2,3', '8/17 ', 'ม.12', '', '20', '01', '07', '', '', '20', 'OPD', '', '', '', '');
INSERT INTO `tbl_epidem_report` VALUES ('6610280408', 'E187B29F-BD2C-4A90-996A-0E7C9CEAF62A', '15', '11847', '2566-10-29 08:40', '2566-10-29', '2566-10-28', '2566-10-28', '', '', 'โสรญา นาคเจริญ', 'J101', 'J101', '2', '', '2,3', '1,2', 'N', 'N', '2,3', 'หอพักเดอะแกรน ห้อง9516 ชั้น5  ', ' ', '', '20', '01', '12', '', '', '20', 'OPD', '', '', '', '');
INSERT INTO `tbl_epidem_report` VALUES ('6610290498', '6E5DF854-DA76-4366-BC33-9A155DB2B893', '15', '11847', '2566-10-30 08:57', '2566-10-29', '2566-10-29', '2566-10-29', '', '', 'โสรญา นาคเจริญ', 'J101', 'J101', '2', '', '2,3', '1,2', 'N', 'N', '2,3', 'บริษัท ทริปเปิล ที บรอดแบนด์ จำกัด บ้านสวน', ' ', '', '', '', '', '', '', '20', 'OPD', '', '', '', '');
INSERT INTO `tbl_epidem_report` VALUES ('6610290176', 'D4680A1E-54EC-4AA2-9D43-AF71081951C3', '15', '11847', '2566-10-26 09:08', '2566-10-26', '2566-10-29', '2566-10-29', '', '', 'วาสนา บ้านไกล', 'J101', 'J101', '1', ' ', '2,3', '1,2', 'N', 'N', '2,3', 'บ.คอลเกต-ปาล์มโอลีฟ จก.  ', ' ', '', '20', '01', '09', '', '', '20', 'OPD', '', '', '', '');
INSERT INTO `tbl_epidem_report` VALUES ('6610290476', 'AC9FB89D-02D2-4636-AADC-959C0835F121', '15', '11847', '2566-10-30 09:10', '2566-10-29', '2566-10-29', '2566-10-29', '', '', 'โสรญา นาคเจริญ', 'J101', 'J101', '1', '', '2,3', '1,2', 'N', 'N', '2,3', '89/84 ', '', '', '20', '01', '09', '', '', '20', 'OPD', '', '', '', '');
INSERT INTO `tbl_epidem_report` VALUES ('6610290216', '1BA6CAC6-9995-4AD6-A04C-F24F7DA084C1', '15', '11847', '2566-10-30 09:12', '2566-10-30', '2566-10-29', '2566-10-29', '', '', 'โสรญา นาคเจริญ', 'J101', 'J101', '1', '', '2,3', '1,2', 'N', 'N', '2,3', '49 6', '', '', '20', '01', '14', '', '', '20', 'OPD', '', '', '', '');
INSERT INTO `tbl_epidem_report` VALUES ('6610300438', '591B3D35-D4C6-4184-9EAA-9E43BB51021C', '92', '11847', '2566-10-31 09:52', '2566-10-30', '2566-10-30', '2566-10-30', '', '', '', 'U071', 'R508', '', '', '2,3', '1,2', 'N', 'N', '2,3', 'บ.โซนี่โมบายล์ อิเลคทรอนิค (ปท) จก. ', ' ', '', '20', '02', '01', '', '', '20', 'OPD', '', '', '', '');
INSERT INTO `tbl_epidem_report` VALUES ('6610300296', '97E82597-93F1-4C07-8CE3-899F08F41A1F', '92', '11847', '2566-10-31 09:55', '2566-10-30', '2566-10-30', '2566-10-30', '', '', '', 'U071', 'R508', '', '', '2,3', '1,2', 'N', 'N', '2,3', '24/27  ', '3', '', '20', '01', '05', '', '', '20', 'OPD', '', '', '', '');
INSERT INTO `tbl_epidem_report` VALUES ('6610300544', 'D34FEC98-7A94-4D0E-9C5B-B1B48084D16C', '92', '11847', '2566-10-31 10:04', '2566-10-30', '2566-10-30', '2566-10-30', '', '', '', 'U071', 'R508', '', '', '2,3', '1,2', 'N', 'N', '2,3', '292/87 คอนโดลุมพีนี', 'ม.4', '', '20', '01', '05', '', '', '20', 'OPD', '', '', '', '');
INSERT INTO `tbl_epidem_report` VALUES ('6610300534', 'B5D761C7-50A2-4161-B1AA-CF46012F05AA', '92', '11847', '2566-10-31 10:06', '2566-10-30', '2566-10-30', '2566-10-30', '', '', '', 'U071', 'R508', '', '', '2,3', '1,2', 'N', 'N', '2,3', '62  ', 'ม.4', '', '21', '08', '04', '', '', '20', 'OPD', '', '', '', '');
INSERT INTO `tbl_epidem_report` VALUES ('6610300601', '97E147E5-44EF-4B64-9251-F1F20BC09F8A', '15', '11847', '2566-10-31 10:07', '2566-10-31', '2566-10-30', '2566-10-30', '', '', 'สุมิตตรา โคเกิด', 'J101', 'J101', '', '', '2,3', '1,2', 'N', 'N', '2,3', 'บ.โตโยด้าโกเซ จก.  ', ' ', '', '20', '05', '07', '', '', '20', 'OPD', '', '', '', '');
INSERT INTO `tbl_epidem_report` VALUES ('6610300592', '3001DB8D-372B-4C1F-8F08-D566A8535277', '92', '11847', '2566-10-31 10:12', '2566-10-30', '2566-10-30', '2566-10-30', '', '', 'สุมิตตรา โคเกิด', 'U071', 'J068', '', '', '2,3', '1,2', 'N', 'N', '2,3', '26/133  ', ' ', '', '20', '01', '07', '', '', '20', 'OPD', '', '', '', '');
INSERT INTO `tbl_epidem_report` VALUES ('6610310526', 'F77A53F4-F264-492D-9419-A850FB5B1AD2', '15', '11847', '2566-11-01 10:09', '2566-10-30', '2566-10-31', '2566-10-31', '', '', 'ศศิกานต์ วาปีทะ', 'J101', 'J101', '', '', '', '', 'N', 'N', '2,3', '39/139  ', 'ม.9', '', '20', '01', '07', '', '', '20', 'OPD', '', '', '', '');
INSERT INTO `tbl_epidem_report` VALUES ('6610310513', '68DC65C9-6E61-4732-9CD5-6149C561D258', '15', '11847', '2566-11-01 10:14', '2566-10-31', '2566-10-31', '2566-10-31', '', '', 'ศศิกานต์ วาปีทะ', 'J101', 'J101', '', '', '0,1', '1,2', 'N', 'N', '2,3', '712  ', 'ม.2', '', '20', '03', '01', '', '', '20', 'OPD', '', '', '', '');
INSERT INTO `tbl_epidem_report` VALUES ('6610310501', 'B7DB7ED9-C63F-4554-ACD0-B7FC93FC8125', '92', '11847', '2566-11-01 10:15', '2566-10-30', '2566-10-31', '2566-10-31', '', '', 'ศศิกานต์ วาปีทะ', 'J00', 'U071, ', '', '', '0,1', '1,2', 'N', 'N', '0,1', '26/3 หนองรี', ' ', '', '20', '01', '06', '', '', '20', 'OPD', '', '', '', '');
INSERT INTO `tbl_epidem_report` VALUES ('6610310385', 'B5B061A6-D5AE-4868-B323-022C529489C4', '15', '11847', '2566-11-01 10:19', '2566-10-28', '2566-10-31', '2566-10-31', '', '', 'ศศิกานต์ วาปีทะ', 'J101', 'J101', '', '', '0,1', '1,2', 'N', 'N', '2,3', '150/1 ', 'ม.7', '', '20', '05', '01', '', '', '20', 'OPD', '', '', '', '');
INSERT INTO `tbl_epidem_report` VALUES ('6610310283', '0EF85757-D9A9-4FDE-9A4D-8ECCAD6790F4', '15', '11847', '2566-11-01 10:21', '2566-10-28', '2566-10-31', '2566-10-31', '', '', 'ศศิกานต์ วาปีทะ', 'J101', 'L309, ', '2', '', '0,1', '1,2', 'N', 'N', '2,3', '55/96 3', '', '', '20', '04', '05', '', '', '20', 'OPD', '', '', '', '');
INSERT INTO `tbl_epidem_report` VALUES ('6610310278', 'AE2F7A8C-F680-4BD7-B603-368DA3CA0A36', '15', '11847', '2566-11-01 10:22', '2566-10-30', '2566-10-31', '2566-10-31', '', '', 'ศศิกานต์ วาปีทะ', 'J101', 'J101', '2', '', '0,1', '1,2', 'N', 'N', '2,3', '148/9  ', ' ', '', '20', '01', '15', '', '', '20', 'OPD', '', '', '', '');
INSERT INTO `tbl_epidem_report` VALUES ('6610310541', 'D76DDF54-33A4-4177-A466-66CD20BBC752', '92', '11847', '2566-11-01 10:24', '2566-10-28', '2566-10-31', '2566-10-31', '', '', 'ศศิกานต์ วาปีทะ', 'U071', 'J028', '', '', '0,1', '1,2', 'N', 'N', '2,3', '5/4  ', ' ', '', '20', '01', '07', '', '', '20', 'OPD', '', '', '', '');
INSERT INTO `tbl_epidem_report` VALUES ('6611010248', '54048FE0-70E2-46D3-BA11-012C399B32FC', '15', '11847', '2566-11-02 09:43', '2566-10-29', '2566-11-01', '2566-11-01', '', '', 'โสรญา นาคเจริญ', 'J101', 'J101', '2', '', '2,3', '1,2', 'N', 'N', '0,1', '19/2 ', 'ม.2', '', '20', '06', '04', '', '', '20', 'OPD', '', '', '', '');
INSERT INTO `tbl_epidem_report` VALUES ('6611010281', 'CF6645B4-50DA-4ABA-8B3F-1C2707AFA330', '15', '11847', '2566-11-02 09:46', '2566-10-26', '2566-11-01', '2566-11-01', '0544-01-01', '', 'โสรญา นาคเจริญ', 'J101', 'J101', '1', '', '2,3', '1,2', 'N', 'N', '0,1', '89/45  ', ' ', '', '20', '05', '07', '', '', '20', 'OPD', '', '', '', '');
INSERT INTO `tbl_epidem_report` VALUES ('6611010329', 'B937CB67-BB1E-4544-A016-7F92406495BB', '15', '11847', '2566-11-02 09:54', '2566-10-29', '2566-11-01', '2566-11-01', '0544-01-01', '', 'โสรญา นาคเจริญ', 'J101', 'J101', '2', '', '2,3', '1,2', 'N', 'N', '2,3', '3/9 4', '', '', '20', '01', '16', '', '', '20', 'OPD', '', '', '', '');
INSERT INTO `tbl_epidem_report` VALUES ('6611020177', 'CBCF28F0-E971-41A9-B6DC-3DBC6146A27F', '92', '11847', '2566-11-03 09:02', '2566-11-02', '2566-11-02', '2566-11-02', '', '', 'สุมิตตรา โคเกิด', 'U071', 'R508', '', '', '2,3', '1,2', 'N', 'N', '2,3', '104/67  ', ' ', '', '20', '05', '04', '', '', '20', 'OPD', '', '', '', '');
INSERT INTO `tbl_epidem_report` VALUES ('6611010495', 'D3190006-7284-46E5-BE73-85E79011C0CF', '15', '11847', '2566-11-03 09:08', '2566-11-03', '2566-11-01', '2566-11-01', '', '', 'สุมิตตรา โคเกิด', 'J101', 'J101', '1', ' ', '2,3', '1,2', 'N', 'N', '2,3', '14/11 ', ' ', '', '20', '05', '07', '', '', '20', 'OPD', '', '', '', '');
INSERT INTO `tbl_epidem_report` VALUES ('6611010487', '54799154-1FF4-4E01-BD02-66A50D98D95D', '92', '11847', '2566-11-03 09:09', '2566-10-30', '2566-11-01', '2566-11-01', '', '', 'สุมิตตรา โคเกิด', 'U071', 'J028', '', '', '2,3', '1,2', 'N', 'N', '2,3', 'บ.เอเอชซี ทอล จำกัด.  ', ' ', '', '20', '05', '04', '', '', '20', 'OPD', '', '', '', '');
INSERT INTO `tbl_epidem_report` VALUES ('6611010472', 'B1DC7890-1E89-4453-8B66-7375543CEE01', '15', '11847', '2566-11-03 09:11', '2566-10-31', '2566-11-01', '2566-11-01', '0544-01-01', '', 'สุมิตตรา โคเกิด', 'J101', 'J101', '', '', '2,3', '1,2', 'N', 'N', '2,3', '22/6  ', ' ', '', '20', '01', '07', '', '', '20', 'OPD', '', '', '', '');
INSERT INTO `tbl_epidem_report` VALUES ('6611010465', 'E97B7297-BD64-439D-B5D5-A95160E497C4', '15', '11847', '2566-11-03 09:13', '2566-10-31', '2566-11-01', '2566-11-01', '', '', 'สุมิตตรา โคเกิด', 'J101', 'J101', '1', ' ', '2,3', '1,2', 'N', 'N', '2,3', '688/4 ', 'ม.1', '', '20', '02', '02', '', '', '20', 'OPD', '', '', '', '');
INSERT INTO `tbl_epidem_report` VALUES ('6611030400', 'EA4F0B2F-2CA6-44A4-B1E7-78F7FBAF21F0', '15', '11847', '2566-11-04 09:27', '2566-11-02', '2566-11-03', '2566-11-03', '', '', 'โสรญา นาคเจริญ', 'J101', 'J101', '1', '', '2,3', '1,2', 'N', 'N', '2,3', '12/10 6', '', '', '20', '01', '05', '', '', '20', 'OPD', '', '', '', '');
INSERT INTO `tbl_epidem_report` VALUES ('6611020522', '81118419-316C-412F-BCFD-33D5E9E20031', '15', '11847', '2566-11-04 09:27', '2566-10-31', '2566-11-02', '2566-11-02', '', '', 'ศศิกานต์ วาปีทะ', 'J101', 'J101', '1', '', '0,1', '1,2', 'N', 'N', '2,3', '88  ', ' ', '', 'OP', 'EN', '', '', '', '20', 'OPD', '', '', '', '');
INSERT INTO `tbl_epidem_report` VALUES ('6611030234', '62CAB671-6A64-438A-AEF1-246B87F82F43', '92', '11847', '2566-11-04 09:31', '2566-11-01', '2566-11-03', '2566-11-03', '', '', 'โสรญา นาคเจริญ', 'U071', 'R508', '', '', '2,3', '1,2', 'N', 'N', '2,3', '99/668  ', ' ', '', '20', '01', '07', '', '', '20', 'OPD', '', '', '', '');
INSERT INTO `tbl_epidem_report` VALUES ('6611030314', 'ED8F24C3-6239-440B-8476-7877C75672B5', '15', '11847', '2566-11-04 09:34', '2566-11-01', '2566-11-03', '2566-11-03', '', '', 'โสรญา นาคเจริญ', 'J101', 'J101', '1', '', '2,3', '1,2', 'N', 'N', '2,3', '25/13 ', '', '', '20', '01', '04', '', '', '20', 'OPD', '', '', '', '');
INSERT INTO `tbl_epidem_report` VALUES ('6611030265', '41F0B640-CDC5-4441-9EBD-24C075947ACA', '92', '11847', '2566-11-04 09:35', '2566-11-02', '2566-11-03', '2566-11-03', '0544-01-01', '', 'โสรญา นาคเจริญ', 'U071', 'R508', '', '', '2,3', '1,2', 'N', 'N', '2,3', '66/78  ', ' ', '', '20', '01', '15', '', '', '20', 'OPD', '', '', '', '');
INSERT INTO `tbl_epidem_report` VALUES ('6611020264', '8BB76B49-2FF8-41DD-B0AE-BDF4241CC19A', '15', '11847', '2566-11-04 09:37', '2566-11-04', '2566-11-02', '2566-11-02', '', '', 'โสรญา นาคเจริญ', 'J101', 'J101', '2', '', '2,3', '1,2', 'N', 'N', '2,3', '117/83 ', 'ม.6', '', '20', '05', '02', '', '', '20', 'OPD', '', '', '', '');
INSERT INTO `tbl_epidem_report` VALUES ('11615-66', 'DFE8370F-F8E3-4D48-81B5-7FAD3E417C9E', '92', '11847', '2566-11-04 09:40', '2566-11-02', '2566-11-02', '2566-11-02', '', '', 'โสรญา นาคเจริญ', 'U071', 'R508', '', '', '2,3', '1,2', 'N', 'N', '2,3', '93/4  ', '8', '', '20', '01', '07', '', '', '20', 'IPD', '', '', '', '');
INSERT INTO `tbl_epidem_report` VALUES ('6611020258', 'AC82F47A-C35A-437D-A2D2-F8C948D6C53E', '15', '11847', '2566-11-04 09:44', '2566-11-02', '2566-11-02', '2566-11-02', '', '', 'โสรญา นาคเจริญ', 'J101', 'J101', '1', '', '2,3', '1,2', 'N', 'N', '2,3', '74  ', 'ม.4', '', '20', '10', '01', '', '', '20', 'OPD', '', '', '', '');
INSERT INTO `tbl_epidem_report` VALUES ('11622-66', 'FE54D0FD-2AD4-46E6-8F7E-1FB29C346B29', '15', '11847', '2566-11-04 09:47', '2566-11-02', '2566-11-02', '2566-11-02', '', '', 'โสรญา นาคเจริญ', 'J101', 'J101', '1', '', '2,3', '1,2', 'N', 'N', '2,3', '685/8  ', ' ', '', '20', '02', '06', '', '', '20', 'IPD', '', '', '', '');
INSERT INTO `tbl_epidem_report` VALUES ('6611020513', 'EEC9E514-9E11-4E68-8C5A-AEF3CD427DD9', '15', '11847', '2566-11-04 09:51', '2566-11-02', '2566-11-02', '2566-11-02', '0544-01-01', '', 'โสรญา นาคเจริญ', 'J101', 'J101', '1', '', '2,3', '1,2', 'N', 'N', '2,3', '111  ', 'ม.2', '', '21', '06', '06', '', '', '20', 'OPD', '', '', '', '');
INSERT INTO `tbl_epidem_report` VALUES ('11653-66', '24786FF2-4C2C-4770-8972-FA66E1887B0B', '15', '11847', '2566-11-04 09:58', '2566-11-01', '2566-11-03', '2566-11-03', '', '', 'โสรญา นาคเจริญ', 'J101', 'J101', '1', '', '2,3', '1,2', 'N', 'N', '2,3', '85/8 11', '', '', '20', '01', '07', '', '', '20', 'IPD', '', '', '', '');
INSERT INTO `tbl_epidem_report` VALUES ('6611040261', 'AF764EFC-5A9A-4A82-B487-3ED2E2812D47', '15', '11847', '2566-11-05 14:41', '2566-11-04', '2566-11-04', '2566-11-04', '', '', 'สุมิตตรา โคเกิด', 'J101', 'J101', '2', ' ', '2,3', '1,2', 'N', 'N', '2,3', '78/1  ', ' ', '', '20', '06', '13', '', '', '20', 'OPD', '', '', '', '');
INSERT INTO `tbl_epidem_report` VALUES ('6611040345', '2E9EB17E-2C3F-43EF-9113-E9D859BFB875', '15', '11847', '2566-11-05 14:43', '2566-11-04', '2566-11-04', '2566-11-04', '', '', 'สุมิตตรา โคเกิด', 'J101', 'J101', '1', ' ', '2,3', '1,2', 'N', 'N', '2,3', '100/146 หมู่บ้านพฤกษา', ' ', '', '20', '01', '07', '', '', '20', 'OPD', '', '', '', '');
INSERT INTO `tbl_epidem_report` VALUES ('6611040344', 'ACEF8F88-10C1-4291-B1CF-E24874FB3B68', '15', '11847', '2566-11-05 14:45', '2566-11-04', '2566-11-04', '2566-11-04', '', '', 'สุมิตตรา โคเกิด', 'J101', 'J101', '1', ' ', '2,3', '1,2', 'N', 'N', '2,3', '59/20  ', 'ม.1', '', '20', '06', '18', '', '', '20', 'OPD', '', '', '', '');
INSERT INTO `tbl_epidem_report` VALUES ('6611050170', '9111BD07-5422-46A5-BFDA-4D217A6D349F', '15', '11847', '2566-11-06 08:54', '2566-11-06', '2566-11-05', '2566-11-05', '', '', 'สุมิตตรา โคเกิด', 'J101', 'J101', '2', ' ', '2,3', '1,2', 'N', 'N', '2,3', '62/61 0', '2(ถนนเปรมใจราษฎร์)', '', '20', '01', '04', '', '', '20', 'OPD', '', '', '', '');
INSERT INTO `tbl_epidem_report` VALUES ('6611050130', '206443EF-3888-4C54-B8A4-238805098E07', '15', '11847', '2566-11-06 08:55', '2566-11-03', '2566-11-05', '2566-11-05', '0544-01-01', '', 'สุมิตตรา โคเกิด', 'J101', 'J101', '1', ' ', '2,3', '1,2', 'N', 'N', '2,3', '26/1242 1', '', '', '20', '01', '07', '', '', '20', 'OPD', '', '', '', '');
INSERT INTO `tbl_epidem_report` VALUES ('6611050142', '8173812E-FFDE-4771-BCB0-34471946642B', '15', '11847', '2566-11-06 08:57', '2566-11-04', '2566-11-05', '2566-11-05', '', '', 'สุมิตตรา โคเกิด', 'J101', 'J101', '1', ' ', '2,3', '1,2', 'N', 'N', '2,3', '431/3  ', ' ', '', '20', '02', '08', '', '', '20', 'OPD', '', '', '', '');
INSERT INTO `tbl_epidem_report` VALUES ('6611050334', '09432E61-390C-4EE1-B5B8-7A13AF114414', '15', '11847', '2566-11-06 08:59', '2566-11-03', '2566-11-05', '2566-11-05', '', '', 'สุมิตตรา โคเกิด', 'J101', 'J101', '1', ' ', '2,3', '1,2', 'N', 'N', '2,3', '34/1  ', 'ม.3', '', '20', '05', '01', '', '', '20', 'OPD', '', '', '', '');
INSERT INTO `tbl_epidem_report` VALUES ('6611050488', 'F3C73480-6303-4A00-A06C-CFF262142E1D', '15', '11847', '2566-11-06 09:01', '2566-11-04', '2566-11-05', '2566-11-05', '', '', 'สุมิตตรา โคเกิด', 'J101', 'J101', '2', ' ', '2,3', '1,2', 'N', 'N', '2,3', '57/44  ', 'ม.11', '', '20', '01', '07', '', '', '20', 'OPD', '', '', '', '');
INSERT INTO `tbl_epidem_report` VALUES ('6611050482', '97E41CF6-C81E-4962-85CC-731FFBB1E995', '15', '11847', '2566-11-06 09:03', '2566-11-04', '2566-11-05', '2566-11-05', '', '', 'สุมิตตรา โคเกิด', 'J101', 'J101', '1', ' ', '2,3', '1,2', 'N', 'N', '2,3', '107/29  ', 'ม.7', '', '20', '11', '02', '', '', '20', 'OPD', '', '', '', '');
INSERT INTO `tbl_epidem_report` VALUES ('11723-66', '915E4BE4-C8AE-4E6A-A46C-1C072E6FA302', '26', '11847', '2566-11-08 09:18', '2566-11-03', '2566-11-05', '2566-11-05', '', '', 'โสรญา นาคเจริญ', 'A979', 'a979', '9', '', '2,3', '1,2', 'N', 'N', '0,1', '150/18  ', ' ', '', '20', '01', '04', '', '', '20', 'IPD', '', '', '', '');
INSERT INTO `tbl_epidem_report` VALUES ('6611070442', 'A9CF177E-3312-4F71-9FB8-80DF267764CF', '92', '11847', '2566-11-08 09:22', '2566-11-06', '2566-11-07', '2566-11-07', '', '', 'โสรญา นาคเจริญ', 'U071', 'R508', '', '', '2,3', '1,2', 'N', 'N', '2,3', '333/211 มบ.อีสแลนด์แอนด์เฮ้าส์ ซ. A6  ', ' ', '', '20', '01', '09', '', '', '20', 'OPD', '', '', '', '');
INSERT INTO `tbl_epidem_report` VALUES ('6611070405', '175BDE5A-A22C-486D-AC1D-5BB7B17AF192', '92', '11847', '2566-11-08 09:25', '2566-11-03', '2566-11-07', '2566-11-07', '', '', 'โสรญา นาคเจริญ', 'U071', 'R508', '', '', '2,3', '1,2', 'N', 'N', '2,3', '23/37  ', ' ', '', '20', '01', '15', '', '', '20', 'OPD', '', '', '', '');
INSERT INTO `tbl_epidem_report` VALUES ('6611070229', '7C4FF4A0-EE19-441F-9F64-FA7B81D1DDD0', '92', '11847', '2566-11-08 09:27', '2566-11-05', '2566-11-07', '2566-11-07', '', '', 'โสรญา นาคเจริญ', 'U071', 'R508', '', '', '2,3', '1,2', 'N', 'N', '2,3', '67/89  ', 'ม.2', '', '20', '01', '07', '', '', '20', 'OPD', '', '', '', '');
INSERT INTO `tbl_epidem_report` VALUES ('6611060491', '8FEDAE4B-7A11-4C50-92E6-A99357DE3530', '92', '11847', '2566-11-08 09:29', '2566-11-06', '2566-11-06', '2566-11-06', '', '', 'โสรญา นาคเจริญ', 'U071', 'R508', '', '', '2,3', '1,2', 'N', 'N', '2,3', '48/1 1', '', '', '20', '01', '05', '', '', '20', 'OPD', '', '', '', '');
INSERT INTO `tbl_epidem_report` VALUES ('6611060481', 'DF13AC00-0EFC-444D-9E22-E457E7DDC1F2', '92', '11847', '2566-11-08 09:30', '2566-11-04', '2566-11-06', '2566-11-06', '', '', 'โสรญา นาคเจริญ', 'U071', 'R508', '', '', '2,3', '1,2', 'N', 'N', '2,3', '141 ถ.เชิดน้อย', ' ', '', '20', '02', '01', '', '', '20', 'OPD', '', '', '', '');
INSERT INTO `tbl_epidem_report` VALUES ('6611070392', '9BD47E86-784A-4DFD-BB4E-9CC429F33AEE', '15', '11847', '2566-11-08 09:33', '2566-11-06', '2566-11-07', '2566-11-07', '', '', 'โสรญา นาคเจริญ', 'J101', 'J101', '1', '', '2,3', '1,2', 'N', 'N', '2,3', '285/114 ', 'ม.4', '', '20', '01', '05', '', '', '20', 'OPD', '', '', '', '');
INSERT INTO `tbl_epidem_report` VALUES ('6611070225', 'F1F10E66-EE6E-414C-B794-5C7003A0CD7C', '15', '11847', '2566-11-08 09:35', '2566-11-05', '2566-11-07', '2566-11-07', '', '', 'โสรญา นาคเจริญ', 'J101', 'J101', '1', '', '2,3', '1,2', 'N', 'N', '0,1', '49/99 1', '', '', '20', '01', '05', '', '', '20', 'OPD', '', '', '', '');
INSERT INTO `tbl_epidem_report` VALUES ('6611070256', '279BCFD1-FF9D-4E76-95C8-1895756A91CB', '15', '11847', '2566-11-08 09:36', '2566-11-07', '2566-11-07', '2566-11-07', '', '', 'โสรญา นาคเจริญ', 'J101', 'J101', '1', '', '2,3', '1,2', 'N', 'N', '2,3', '65/11 12', '', '', '20', '01', '07', '', '', '20', 'OPD', '', '', '', '');
INSERT INTO `tbl_epidem_report` VALUES ('6611060579', 'AB580771-8A46-40A8-AF9B-A2212723B0B0', '15', '11847', '2566-11-08 09:38', '2566-11-01', '2566-11-06', '2566-11-06', '', '', 'โสรญา นาคเจริญ', 'J101', 'J101', '1', '', '2,3', '1,2', 'N', 'N', '2,3', '54/66 หมู่บ้านเดอะแกรด์ สุขประยูร 2  ', ' ', '', '20', '01', '07', '', '', '20', 'OPD', '', '', '', '');
INSERT INTO `tbl_epidem_report` VALUES ('6611060484', '19D64266-43BA-4C5F-9335-E3067395AFE3', '15', '11847', '2566-11-08 09:39', '2566-11-04', '2566-11-06', '2566-11-06', '', '', 'โสรญา นาคเจริญ', 'J101', 'J101', '1', '', '2,3', '1,2', 'N', 'N', '2,3', '100/12  ', ' ', '', '20', '01', '01', '', '', '20', 'OPD', '', '', '', '');
INSERT INTO `tbl_epidem_report` VALUES ('6611060395', 'F1F5E320-877E-4BC5-A434-827868BB7E8A', '15', '11847', '2566-11-08 09:42', '2566-11-03', '2566-11-06', '2566-11-06', '', '', 'โสรญา นาคเจริญ', 'J101', 'J101', '1', '', '2,3', '1,2', 'N', 'N', '2,3', '8/8  ', ' ', '', '20', '01', '10', '', '', '20', 'OPD', '', '', '', '');
INSERT INTO `tbl_epidem_report` VALUES ('6611060393', '2A815027-310C-4A7B-9422-FFB265073CBD', '15', '11847', '2566-11-08 09:48', '2566-11-04', '2566-11-06', '2566-11-06', '0544-01-01', '', 'โสรญา นาคเจริญ', 'J101', 'J101', '1', '', '2,3', '1,2', 'N', 'N', '2,3', '99/1-3  ', ' ', '', '20', '01', '09', '', '', '20', 'OPD', '', '', '', '');
INSERT INTO `tbl_epidem_report` VALUES ('6611060211', '2ECC8BCA-E327-49E9-B815-CC380DD4B732', '15', '11847', '2566-11-08 09:53', '2566-11-04', '2566-11-06', '2566-11-06', '', '', 'โสรญา นาคเจริญ', 'J101', 'J101', '1', '', '2,3', '1,2', 'N', 'N', '2,3', 'บ. เอ็น เอส  เค แบริ่งส์ แมนูแฟคเจอริ่ง (ประเทศไทย', ' ', '', '20', '01', '09', '', '', '20', 'OPD', '', '', '', '');

-- ----------------------------
-- Table structure for `tbl_hospital`
-- ----------------------------
DROP TABLE IF EXISTS `tbl_hospital`;
CREATE TABLE `tbl_hospital` (
  `hospital_code` varchar(50) NOT NULL,
  `hospital_name` varchar(150) DEFAULT NULL,
  `his_identifier` varchar(200) DEFAULT NULL,
  PRIMARY KEY (`hospital_code`)
) ENGINE=MyISAM DEFAULT CHARSET=utf8;

-- ----------------------------
-- Records of tbl_hospital
-- ----------------------------
INSERT INTO `tbl_hospital` VALUES ('11847', 'โรงพยาบาลเอกชล', 'His Aikchol Version 1.1');

-- ----------------------------
-- Table structure for `tbl_icd10`
-- ----------------------------
DROP TABLE IF EXISTS `tbl_icd10`;
CREATE TABLE `tbl_icd10` (
  `code506` varchar(255) NOT NULL DEFAULT '',
  `icd10` varchar(255) DEFAULT NULL,
  PRIMARY KEY (`code506`)
) ENGINE=MyISAM DEFAULT CHARSET=utf8;

-- ----------------------------
-- Records of tbl_icd10
-- ----------------------------
INSERT INTO `tbl_icd10` VALUES ('01', 'A000 ,A001 ,A009');
INSERT INTO `tbl_icd10` VALUES ('03', 'A020 ,A021 ,A022 ,A028 ,A029 ,A050 ,A052 ,A053 ,A054 ,A058 ,A059 ,A329');
INSERT INTO `tbl_icd10` VALUES ('05', 'A030 ,A031 ,A032 ,A033 ,A038 ,A039');
INSERT INTO `tbl_icd10` VALUES ('06', 'A060 ,A061 ,A062 ,A063 ,A064 ,A065 ,A066 ,A067 ,A068 ,A069');
INSERT INTO `tbl_icd10` VALUES ('08', 'A010');
INSERT INTO `tbl_icd10` VALUES ('09', 'A011 ,A012 ,A013 ,A014');
INSERT INTO `tbl_icd10` VALUES ('11', 'B150 ,B159');
INSERT INTO `tbl_icd10` VALUES ('12', 'B160 ,B161 ,B162 ,B169');
INSERT INTO `tbl_icd10` VALUES ('13', 'B171');
INSERT INTO `tbl_icd10` VALUES ('15', 'J100 ,J101 ,J108 ,J110 ,J111 ,J118');
INSERT INTO `tbl_icd10` VALUES ('16', 'B060 ,B068 ,B069');
INSERT INTO `tbl_icd10` VALUES ('17', 'B010 ,B011 ,B012 ,B018 ,B019');
INSERT INTO `tbl_icd10` VALUES ('19', 'A390 ,A392 ,A393 ,A394 ,A395 ,A398 ,A399');
INSERT INTO `tbl_icd10` VALUES ('20', 'A800 ,A801 ,A802 ,A803 ,A804 ,A809');
INSERT INTO `tbl_icd10` VALUES ('21', 'B059');
INSERT INTO `tbl_icd10` VALUES ('22', 'B050 ,B051 ,B052 ,B053 ,B054 ,B058');
INSERT INTO `tbl_icd10` VALUES ('23', 'A360 ,A361 ,A362 ,A363 ,A368 ,A369');
INSERT INTO `tbl_icd10` VALUES ('24', 'A370 ,A379');
INSERT INTO `tbl_icd10` VALUES ('25', 'A34 ,A35');
INSERT INTO `tbl_icd10` VALUES ('26', 'A911 ,A970 ,A971');
INSERT INTO `tbl_icd10` VALUES ('27', 'A910 ,A972');
INSERT INTO `tbl_icd10` VALUES ('28', 'A831 ,A832 ,A833 ,A834 ,A835 ,A838 ,A839 ,A840 ,A841 ,A848 ,A849 ,A850 ,A851 ,A852 ,A858 ,A86 ,B004 ,G048 ,G049 ,G051');
INSERT INTO `tbl_icd10` VALUES ('29', 'A830');
INSERT INTO `tbl_icd10` VALUES ('30', 'B500 ,B508 ,B509 ,B510 ,B518 ,B519 ,B520 ,B528 ,B529 ,B530 ,B531 ,B538 ,B54');
INSERT INTO `tbl_icd10` VALUES ('31', 'A481 ,J120 ,J121 ,J122 ,J123 ,J128 ,J129 ,J13 ,J14 ,J150 ,J151 ,J152 ,J153 ,J154 ,J155 ,J156 ,J157 ,J158 ,J1581 , J1588 ,J159 ,J160 ,J168 J170 ,J171 ,J180 ,J181 ,J182 ,J188 ,J189 ,J851');
INSERT INTO `tbl_icd10` VALUES ('37', 'A500 ,A501 ,A502 ,A503 ,A504 ,A505 ,A506 ,A507 ,A509 ,A510 ,A511 ,A512 ,A513 ,A514 ,A515 ,A519 ,A520 ,A521 ,A522 ,A523 ,A527 ,A528 ,A529 ,A530 ,A539 ,O981');
INSERT INTO `tbl_icd10` VALUES ('38', 'A540 ,A541 ,A542 ,A543 ,A544 ,A545 ,A546 ,A548 ,A549 ,K671 ,M7300 ,M7301 ,M7302 ,M7303 ,M7304 ,M7305 ,M7306 ,M7307 ,M7308 ,M7309 ,N743 ,O982');
INSERT INTO `tbl_icd10` VALUES ('39', 'A560 ,A561 ,A562 ,A563 ,A564 ,A568 ,N341 ,N342 ,N343');
INSERT INTO `tbl_icd10` VALUES ('40', 'A57');
INSERT INTO `tbl_icd10` VALUES ('41', 'A55');
INSERT INTO `tbl_icd10` VALUES ('42', 'A820 ,A821 ,A829');
INSERT INTO `tbl_icd10` VALUES ('43', 'A270 ,A278 ,A279');
INSERT INTO `tbl_icd10` VALUES ('44', 'A750 ,A751 ,A752 ,A753 ,A759');
INSERT INTO `tbl_icd10` VALUES ('45', 'A220 ,A221 ,A222 ,A227 ,A228 ,A229');
INSERT INTO `tbl_icd10` VALUES ('46', 'B75');
INSERT INTO `tbl_icd10` VALUES ('52', 'B260 ,B261 ,B262 ,B263 ,B268 ,B269');
INSERT INTO `tbl_icd10` VALUES ('53', 'A33');
INSERT INTO `tbl_icd10` VALUES ('54', 'A878 ,A879 ,G000 ,G009 ,G020 ,G030 ,G038 ,G039 ');
INSERT INTO `tbl_icd10` VALUES ('58', 'T620');
INSERT INTO `tbl_icd10` VALUES ('66', 'A90 ,A979');
INSERT INTO `tbl_icd10` VALUES ('69', 'B170');
INSERT INTO `tbl_icd10` VALUES ('70', 'B172');
INSERT INTO `tbl_icd10` VALUES ('71', 'B084 ,B085');
INSERT INTO `tbl_icd10` VALUES ('72', 'A241 ,A242 ,A243 ,A244');
INSERT INTO `tbl_icd10` VALUES ('75', 'B660');
INSERT INTO `tbl_icd10` VALUES ('79', 'A600 ,A601 ,A609');
INSERT INTO `tbl_icd10` VALUES ('80', 'A630 ,A638');
INSERT INTO `tbl_icd10` VALUES ('82', 'A408');
INSERT INTO `tbl_icd10` VALUES ('83', 'A230 ,A231 ,A232 ,A233 ,A238 ,A239');
INSERT INTO `tbl_icd10` VALUES ('84', 'A920');
INSERT INTO `tbl_icd10` VALUES ('85', 'A051');
INSERT INTO `tbl_icd10` VALUES ('87', 'A925');
INSERT INTO `tbl_icd10` VALUES ('90', 'A850 ,A870 ,B341');
INSERT INTO `tbl_icd10` VALUES ('91', 'J09');
INSERT INTO `tbl_icd10` VALUES ('92', 'U071 ,U072 ,U109');
INSERT INTO `tbl_icd10` VALUES ('93', 'P350');
INSERT INTO `tbl_icd10` VALUES ('94', 'B04');

-- ----------------------------
-- Table structure for `tbl_lab_report`
-- ----------------------------
DROP TABLE IF EXISTS `tbl_lab_report`;
CREATE TABLE `tbl_lab_report` (
  `vn` varchar(50) NOT NULL,
  `epidem_lab_conﬁrm_type_id` varchar(50) DEFAULT NULL,
  `lab_report_date` datetime DEFAULT NULL,
  `lab_report_result` varchar(50) DEFAULT NULL,
  `specimen_date` datetime DEFAULT NULL,
  `specimen_place_id` varchar(50) DEFAULT NULL,
  `tests_reason_type_id` varchar(50) DEFAULT NULL,
  `lab_his_ref_code` varchar(50) DEFAULT NULL,
  `lab_his_ref_name` varchar(50) DEFAULT NULL,
  `tmlt_code` varchar(50) DEFAULT NULL,
  PRIMARY KEY (`vn`)
) ENGINE=MyISAM DEFAULT CHARSET=utf8;

-- ----------------------------
-- Records of tbl_lab_report
-- ----------------------------
INSERT INTO `tbl_lab_report` VALUES ('6610190225', '0', '0000-00-00 00:00:00', '', '0000-00-00 00:00:00', '', '', '', '', '');
INSERT INTO `tbl_lab_report` VALUES ('6610190018', '0', '0000-00-00 00:00:00', '', '0000-00-00 00:00:00', '', '', '', '', '');
INSERT INTO `tbl_lab_report` VALUES ('6610190200', '2', '2023-10-19 00:00:00', 'positive', '2023-10-19 00:00:00', '0,1', '', '', '', '');
INSERT INTO `tbl_lab_report` VALUES ('6610200388', '0', '0000-00-00 00:00:00', '', '0000-00-00 00:00:00', '', '', '', '', '');
INSERT INTO `tbl_lab_report` VALUES ('6610240401', '2', '2023-10-24 00:00:00', 'positive', '2023-10-24 00:00:00', '0,1', '', '', '', '');
INSERT INTO `tbl_lab_report` VALUES ('6610240254', '0', '2023-10-24 00:00:00', 'positive', '2023-10-24 00:00:00', '0,1', '', '', '', '');
INSERT INTO `tbl_lab_report` VALUES ('6610240451', '2', '2023-10-24 00:00:00', 'positive', '2023-10-24 00:00:00', '0,1', '', '', '', '');
INSERT INTO `tbl_lab_report` VALUES ('6610240264', '0', '0000-00-00 00:00:00', '', '0000-00-00 00:00:00', '', '', '', '', '');
INSERT INTO `tbl_lab_report` VALUES ('6610240180', '0', '0000-00-00 00:00:00', '', '0000-00-00 00:00:00', '', '', '', '', '');
INSERT INTO `tbl_lab_report` VALUES ('6610240346', '0', '0000-00-00 00:00:00', '', '0000-00-00 00:00:00', '', '', '', '', '');
INSERT INTO `tbl_lab_report` VALUES ('6610230122', '0', '0000-00-00 00:00:00', '', '0000-00-00 00:00:00', '', '', '', '', '');
INSERT INTO `tbl_lab_report` VALUES ('6610240520', '0', '0000-00-00 00:00:00', '', '0000-00-00 00:00:00', '', '', '', '', '');
INSERT INTO `tbl_lab_report` VALUES ('6610240535', '0', '0000-00-00 00:00:00', '', '0000-00-00 00:00:00', '', '', '', '', '');
INSERT INTO `tbl_lab_report` VALUES ('6610260286', '0', '0000-00-00 00:00:00', '', '0000-00-00 00:00:00', '', '', '', '', '');
INSERT INTO `tbl_lab_report` VALUES ('6610260246', '0', '0000-00-00 00:00:00', '', '0000-00-00 00:00:00', '', '', '', '', '');
INSERT INTO `tbl_lab_report` VALUES ('6610260307', '0', '0000-00-00 00:00:00', '', '0000-00-00 00:00:00', '', '', '', '', '');
INSERT INTO `tbl_lab_report` VALUES ('6610260231', '0', '0000-00-00 00:00:00', '', '0000-00-00 00:00:00', '', '', '', '', '');
INSERT INTO `tbl_lab_report` VALUES ('6610260181', '0', '0000-00-00 00:00:00', '', '0000-00-00 00:00:00', '', '', '', '', '');
INSERT INTO `tbl_lab_report` VALUES ('6610260162', '0', '0000-00-00 00:00:00', '', '0000-00-00 00:00:00', '', '', '', '', '');
INSERT INTO `tbl_lab_report` VALUES ('6610240525', '0', '0000-00-00 00:00:00', '', '0000-00-00 00:00:00', '', '', '', '', '');
INSERT INTO `tbl_lab_report` VALUES ('6610240536', '0', '0000-00-00 00:00:00', '', '0000-00-00 00:00:00', '', '', '', '', '');
INSERT INTO `tbl_lab_report` VALUES ('6610260003', '0', '0000-00-00 00:00:00', '', '0000-00-00 00:00:00', '', '', '', '', '');
INSERT INTO `tbl_lab_report` VALUES ('6610270355', '0', '0000-00-00 00:00:00', '', '0000-00-00 00:00:00', '', '', '', '', '');
INSERT INTO `tbl_lab_report` VALUES ('6610260527', '0', '0000-00-00 00:00:00', '', '0000-00-00 00:00:00', '', '', '', '', '');
INSERT INTO `tbl_lab_report` VALUES ('6610260503', '2', '2023-10-26 00:00:00', 'positive', '2023-10-26 00:00:00', '0,1', '', '', '', '');
INSERT INTO `tbl_lab_report` VALUES ('6610270244', '0', '0000-00-00 00:00:00', '', '0000-00-00 00:00:00', '', '', '', '', '');
INSERT INTO `tbl_lab_report` VALUES ('6610270203', '0', '0000-00-00 00:00:00', '', '0000-00-00 00:00:00', '', '', '', '', '');
INSERT INTO `tbl_lab_report` VALUES ('6610270498', '0', '0000-00-00 00:00:00', '', '0000-00-00 00:00:00', '', '', '', '', '');
INSERT INTO `tbl_lab_report` VALUES ('6610280391', '0', '0000-00-00 00:00:00', '', '0000-00-00 00:00:00', '', '', '', '', '');
INSERT INTO `tbl_lab_report` VALUES ('6610280408', '0', '0000-00-00 00:00:00', '', '0000-00-00 00:00:00', '', '', '', '', '');
INSERT INTO `tbl_lab_report` VALUES ('6610290498', '0', '0000-00-00 00:00:00', '', '0000-00-00 00:00:00', '', '', '', '', '');
INSERT INTO `tbl_lab_report` VALUES ('6610290176', '0', '0000-00-00 00:00:00', '', '0000-00-00 00:00:00', '', '', '', '', '');
INSERT INTO `tbl_lab_report` VALUES ('6610290476', '0', '0000-00-00 00:00:00', '', '0000-00-00 00:00:00', '', '', '', '', '');
INSERT INTO `tbl_lab_report` VALUES ('6610290216', '0', '0000-00-00 00:00:00', '', '0000-00-00 00:00:00', '', '', '', '', '');
INSERT INTO `tbl_lab_report` VALUES ('6610300438', '2', '2023-10-30 00:00:00', 'positive', '2023-10-30 00:00:00', '0,1', '', '', '', '');
INSERT INTO `tbl_lab_report` VALUES ('6610300296', '2', '2023-10-30 00:00:00', 'positive', '2023-10-30 00:00:00', '0,1', '', '', '', '');
INSERT INTO `tbl_lab_report` VALUES ('6610300544', '2', '2023-10-30 00:00:00', 'positive', '2023-10-30 00:00:00', '0,1', '', '', '', '');
INSERT INTO `tbl_lab_report` VALUES ('6610300534', '2', '2023-10-30 00:00:00', 'positive', '2023-10-30 00:00:00', '0,1', '', '', '', '');
INSERT INTO `tbl_lab_report` VALUES ('6610300601', '0', '0000-00-00 00:00:00', '', '0000-00-00 00:00:00', '', '', '', '', '');
INSERT INTO `tbl_lab_report` VALUES ('6610300592', '2', '2023-10-30 00:00:00', 'positive', '2023-10-30 00:00:00', '0,1', '', '', '', '');
INSERT INTO `tbl_lab_report` VALUES ('6610310526', '0', '0000-00-00 00:00:00', '', '0000-00-00 00:00:00', '', '', '', '', '');
INSERT INTO `tbl_lab_report` VALUES ('6610310513', '0', '0000-00-00 00:00:00', '', '0000-00-00 00:00:00', '', '', '', '', '');
INSERT INTO `tbl_lab_report` VALUES ('6610310501', '2', '2023-10-30 00:00:00', 'positive', '2023-10-30 00:00:00', '0,1', '', '', '', '');
INSERT INTO `tbl_lab_report` VALUES ('6610310385', '0', '0000-00-00 00:00:00', '', '0000-00-00 00:00:00', '', '', '', '', '');
INSERT INTO `tbl_lab_report` VALUES ('6610310283', '0', '0000-00-00 00:00:00', '', '0000-00-00 00:00:00', '', '', '', '', '');
INSERT INTO `tbl_lab_report` VALUES ('6610310278', '0', '0000-00-00 00:00:00', '', '0000-00-00 00:00:00', '', '', '', '', '');
INSERT INTO `tbl_lab_report` VALUES ('6610310541', '0', '0000-00-00 00:00:00', '', '0000-00-00 00:00:00', '', '', '', '', '');
INSERT INTO `tbl_lab_report` VALUES ('6611010248', '0', '0000-00-00 00:00:00', '', '0000-00-00 00:00:00', '', '', '', '', '');
INSERT INTO `tbl_lab_report` VALUES ('6611010281', '0', '0000-00-00 00:00:00', '', '0000-00-00 00:00:00', '', '', '', '', '');
INSERT INTO `tbl_lab_report` VALUES ('6611010329', '0', '0000-00-00 00:00:00', '', '0000-00-00 00:00:00', '', '', '', '', '');
INSERT INTO `tbl_lab_report` VALUES ('6611020177', '2', '2023-11-02 00:00:00', 'positive', '2023-11-02 00:00:00', '0,1', '', '', '', '');
INSERT INTO `tbl_lab_report` VALUES ('6611010495', '0', '0000-00-00 00:00:00', '', '0000-00-00 00:00:00', '', '', '', '', '');
INSERT INTO `tbl_lab_report` VALUES ('6611010487', '2', '2023-11-01 00:00:00', 'positive', '2023-11-01 00:00:00', '0,1', '', '', '', '');
INSERT INTO `tbl_lab_report` VALUES ('6611010472', '0', '0000-00-00 00:00:00', '', '0000-00-00 00:00:00', '', '', '', '', '');
INSERT INTO `tbl_lab_report` VALUES ('6611010465', '0', '0000-00-00 00:00:00', '', '0000-00-00 00:00:00', '', '', '', '', '');
INSERT INTO `tbl_lab_report` VALUES ('6611030400', '0', '0000-00-00 00:00:00', '', '0000-00-00 00:00:00', '', '', '', '', '');
INSERT INTO `tbl_lab_report` VALUES ('6611020522', '0', '0000-00-00 00:00:00', '', '0000-00-00 00:00:00', '', '', '', '', '');
INSERT INTO `tbl_lab_report` VALUES ('6611030234', '2', '2023-11-03 00:00:00', 'positive', '2023-11-03 00:00:00', '0,1', '', '', '', '');
INSERT INTO `tbl_lab_report` VALUES ('6611030314', '0', '0000-00-00 00:00:00', '', '0000-00-00 00:00:00', '', '', '', '', '');
INSERT INTO `tbl_lab_report` VALUES ('6611030265', '1', '2023-11-03 00:00:00', 'positive', '2023-11-03 00:00:00', '0,1', '', '', '', '');
INSERT INTO `tbl_lab_report` VALUES ('6611020264', '0', '0000-00-00 00:00:00', '', '0000-00-00 00:00:00', '', '', '', '', '');
INSERT INTO `tbl_lab_report` VALUES ('11615-66', '2', '2023-11-02 00:00:00', 'positive', '2023-11-02 00:00:00', '0,1', '', '', '', '');
INSERT INTO `tbl_lab_report` VALUES ('6611020258', '0', '0000-00-00 00:00:00', '', '0000-00-00 00:00:00', '', '', '', '', '');
INSERT INTO `tbl_lab_report` VALUES ('11622-66', '0', '0000-00-00 00:00:00', '', '0000-00-00 00:00:00', '', '', '', '', '');
INSERT INTO `tbl_lab_report` VALUES ('11653-66', '0', '0000-00-00 00:00:00', '', '0000-00-00 00:00:00', '', '', '', '', '');
INSERT INTO `tbl_lab_report` VALUES ('6611040261', '0', '0000-00-00 00:00:00', '', '0000-00-00 00:00:00', '', '', '', '', '');
INSERT INTO `tbl_lab_report` VALUES ('6611040345', '0', '0000-00-00 00:00:00', '', '0000-00-00 00:00:00', '', '', '', '', '');
INSERT INTO `tbl_lab_report` VALUES ('6611040344', '0', '0000-00-00 00:00:00', '', '0000-00-00 00:00:00', '', '', '', '', '');
INSERT INTO `tbl_lab_report` VALUES ('6611050170', '0', '0000-00-00 00:00:00', '', '0000-00-00 00:00:00', '', '', '', '', '');
INSERT INTO `tbl_lab_report` VALUES ('6611050130', '0', '0000-00-00 00:00:00', '', '0000-00-00 00:00:00', '', '', '', '', '');
INSERT INTO `tbl_lab_report` VALUES ('6611050142', '0', '0000-00-00 00:00:00', '', '0000-00-00 00:00:00', '', '', '', '', '');
INSERT INTO `tbl_lab_report` VALUES ('6611050334', '0', '0000-00-00 00:00:00', '', '0000-00-00 00:00:00', '', '', '', '', '');
INSERT INTO `tbl_lab_report` VALUES ('6611050488', '0', '0000-00-00 00:00:00', '', '0000-00-00 00:00:00', '', '', '', '', '');
INSERT INTO `tbl_lab_report` VALUES ('6611050482', '0', '0000-00-00 00:00:00', '', '0000-00-00 00:00:00', '', '', '', '', '');
INSERT INTO `tbl_lab_report` VALUES ('11723-66', '0', '0000-00-00 00:00:00', '', '0000-00-00 00:00:00', '', '', '', '', '');
INSERT INTO `tbl_lab_report` VALUES ('6611070442', '2', '2023-11-07 00:00:00', 'positive', '2023-11-07 00:00:00', '0,1', '', '', '', '');
INSERT INTO `tbl_lab_report` VALUES ('6611070405', '2', '2023-11-07 00:00:00', 'positive', '2023-11-07 00:00:00', '0,1', '', '', '', '');
INSERT INTO `tbl_lab_report` VALUES ('6611070229', '2', '2023-11-07 00:00:00', 'positive', '2023-11-07 00:00:00', '0,1', '', '', '', '');
INSERT INTO `tbl_lab_report` VALUES ('6611060491', '2', '2023-11-06 00:00:00', 'positive', '2023-11-06 00:00:00', '0,1', '', '', '', '');
INSERT INTO `tbl_lab_report` VALUES ('6611060481', '2', '2023-11-06 00:00:00', 'positive', '2023-11-06 00:00:00', '0,1', '', '', '', '');
INSERT INTO `tbl_lab_report` VALUES ('6611070392', '0', '0000-00-00 00:00:00', '', '0000-00-00 00:00:00', '', '', '', '', '');
INSERT INTO `tbl_lab_report` VALUES ('6611070225', '0', '0000-00-00 00:00:00', '', '0000-00-00 00:00:00', '', '', '', '', '');
INSERT INTO `tbl_lab_report` VALUES ('6611070256', '0', '0000-00-00 00:00:00', '', '0000-00-00 00:00:00', '', '', '', '', '');
INSERT INTO `tbl_lab_report` VALUES ('6611060579', '0', '0000-00-00 00:00:00', '', '0000-00-00 00:00:00', '', '', '', '', '');
INSERT INTO `tbl_lab_report` VALUES ('6611060484', '0', '0000-00-00 00:00:00', '', '0000-00-00 00:00:00', '', '', '', '', '');
INSERT INTO `tbl_lab_report` VALUES ('6611060395', '0', '0000-00-00 00:00:00', '', '0000-00-00 00:00:00', '', '', '', '', '');
INSERT INTO `tbl_lab_report` VALUES ('6611060393', '0', '0000-00-00 00:00:00', '', '0000-00-00 00:00:00', '', '', '', '', '');
INSERT INTO `tbl_lab_report` VALUES ('6611060211', '0', '0000-00-00 00:00:00', '', '0000-00-00 00:00:00', '', '', '', '', '');

-- ----------------------------
-- Table structure for `tbl_person`
-- ----------------------------
DROP TABLE IF EXISTS `tbl_person`;
CREATE TABLE `tbl_person` (
  `hn` varchar(50) NOT NULL,
  `vn` varchar(50) NOT NULL,
  `puid` int(11) DEFAULT NULL,
  `visituid` int(11) DEFAULT NULL,
  `cid` varchar(50) DEFAULT NULL,
  `passport_no` varchar(50) DEFAULT NULL,
  `prefix` varchar(10) DEFAULT NULL,
  `first_name` varchar(150) DEFAULT NULL,
  `last_name` varchar(180) DEFAULT NULL,
  `nationality` varchar(10) DEFAULT NULL,
  `nationalityid` varchar(50) DEFAULT NULL,
  `gender` varchar(10) DEFAULT NULL,
  `birth_date` varchar(50) DEFAULT NULL,
  `age_y` varchar(10) DEFAULT NULL,
  `age_m` varchar(10) DEFAULT NULL,
  `age_d` varchar(10) DEFAULT NULL,
  `marital_status_id` varchar(50) DEFAULT NULL,
  `marital_status_name` varchar(50) DEFAULT NULL,
  `address` varchar(100) DEFAULT NULL,
  `moo` varchar(50) DEFAULT NULL,
  `road` varchar(50) DEFAULT NULL,
  `chw_name` varchar(50) DEFAULT NULL,
  `chw_code` varchar(10) DEFAULT NULL,
  `amp_name` varchar(50) DEFAULT NULL,
  `amp_code` varchar(10) DEFAULT NULL,
  `tmp_name` varchar(50) DEFAULT NULL,
  `tmp_code` varchar(10) DEFAULT NULL,
  `mobile_phone` varchar(50) DEFAULT NULL,
  `occupation` varchar(50) DEFAULT NULL,
  `statusflag` varchar(5) DEFAULT NULL,
  PRIMARY KEY (`hn`,`vn`)
) ENGINE=MyISAM DEFAULT CHARSET=utf8;

-- ----------------------------
-- Records of tbl_person
-- ----------------------------
INSERT INTO `tbl_person` VALUES ('5428934', '6610190018', '74919', '1672540', '5200100033198', '', 'นาย', 'สุชิน', 'บุญเจือ', 'ไทย', '099', '1', '01/01/1949', '74', '9', '19', '4,5', 'ไม่ทราบ', '71  ', 'ม.1', '', '20', 'ชลบุรี', '01', 'เมืองชลบุร', '09', 'ดอนหัวฬ่อ', '095-9474454', '', '1');
INSERT INTO `tbl_person` VALUES ('5524659', '6610190225', '113632', '1672763', '3311300054397', '', 'นางสาว', 'ลัดดาวัลย์', 'เรียนไธสง', 'ไทย', '099', '2', '09/08/1979', '44', '2', '11', '0,1', 'โสด', 'บ.สยามซันโปร  ', ' ', '', '20', 'ชลบุรี', '01', 'เมืองชลบุร', '09', 'ดอนหัวฬ่อ', '091-8690723', '', '1');
INSERT INTO `tbl_person` VALUES ('6421651', '6610190200', '424911', '1672737', '3740100333263', '', 'นาย', 'เฉลิมชัย', 'อมรวิวัฒนกุล', 'ไทย', '099', '1', '10/07/1945', '78', '3', '10', '1,2', 'คู่', '72/72  ', ' ', '', '10', 'กรุงเทพมหา', '15', 'ธนบุรี', '04', 'บุคคโล', '081-6677854', '', '1');
INSERT INTO `tbl_person` VALUES ('5534238', '6610200388', '123183', '1673596', '3200600383001', '', 'นาย', 'ณรงค์', 'รัตน์วิทยากรณ์', 'ไทย', '099', '1', '08/01/1976', '47', '9', '13', '1,2', 'คู่', '25/1  ', ' ', '', '20', 'ชลบุรี', '06', '06', '', '', '084-5659422', '', '0');
INSERT INTO `tbl_person` VALUES ('5816811', '6610240401', '245683', '1675790', '1200100421918', '', 'นางสาว', 'นิสิตา', 'แสงมาน', 'ไทย', '099', '2', '26/08/1992', '31', '1', '29', '0,1', 'โสด', '64/5  ', ' ', '', '20', 'ชลบุรี', '01', 'เมืองชลบุร', '07', 'นาป่า|ชลบุ', '097-1821193', '', '1');
INSERT INTO `tbl_person` VALUES ('5629076', '6610240254', '168020', '1675635', '1430500136330', '', 'นางสาว', 'วีรนันท์', 'กัตวา', 'ไทย', '099', '2', '13/08/1986', '37', '2', '12', '0,1', 'โสด', '18/4  ', ' ', '', '20', 'ชลบุรี', '01', 'เมืองชลบุร', '05', 'บ้านสวน|ชล', '064-4696941', '', '1');
INSERT INTO `tbl_person` VALUES ('6523359', '6610240451', '449939', '1675840', '1309901090712', '', 'นางสาว', 'ชัชฎาพร', 'วงค์อินตา', 'ไทย', '099', '2', '10/11/1994', '28', '11', '15', '0,1', 'โสด', '79/55 8', '', '', '22', 'จันทบุรี', '01', 'เมืองจันทบ', '06', 'ท่าช้าง|จั', '062-2689299', '', '1');
INSERT INTO `tbl_person` VALUES ('5606921', '6610240264', '145953', '1675645', '3301700006993', '', 'นาง', 'สมบุญ', 'คำภิโลชัย', 'ไทย', '099', '2', '15/08/1975', '48', '2', '10', '1,2', 'คู่', '26/42 มบ.สวนพฤกษา ซ.11', ' ', '', '20', 'ชลบุรี', '01', 'เมืองชลบุร', '05', 'บ้านสวน|ชล', '080-1016346', '', '1');
INSERT INTO `tbl_person` VALUES ('5631202', '6610240180', '170115', '1675556', '3579900250630', '', 'นาย', 'ยุทธยา', 'ด่านพิทักษ์', 'ไทย', '099', '1', '19/06/1977', '46', '4', '6', '1,2', 'คู่', '25 ซ.13 ถ.บางแสนสาย 2 แสนสุข', ' ', '', '20', 'ชลบุรี', '01', 'เมืองชลบุร', '04', 'แสนสุข|ชลบ', '063-5186222', '', '1');
INSERT INTO `tbl_person` VALUES ('6024992', '6610240346', '325337', '1675730', '1411700188059', '', 'นางสาว', 'ณัฐพร', 'ศรีวงษ์', 'ไทย', '099', '2', '29/06/1992', '31', '3', '26', '0,1', 'โสด', '11/44  ', 'ม.9', '', '20', 'ชลบุรี', '01', 'เมืองชลบุร', '07', 'นาป่า|ชลบุ', '090-1205071', '', '1');
INSERT INTO `tbl_person` VALUES ('6401081', '6610230122', '403260', '1674857', '3200101155037', '', 'นาย', 'ธานี', 'ธำรงฤทธิกุล', 'ไทย', '099', '1', '21/04/1980', '43', '6', '4', '0,1', 'โสด', '15/59  ', 'ม.6', '', '20', 'ชลบุรี', '01', 'เมืองชลบุร', '05', 'บ้านสวน|ชล', '089-0945867', '', '1');
INSERT INTO `tbl_person` VALUES ('5546383', '6610240520', '135253', '1675914', '3201000057499', '', 'ว่าที่ ร.ต', 'พรสุวรรณ', 'ภู่จ้อย', 'ไทย', '099', '1', '20/08/1982', '41', '2', '5', '1,2', 'คู่', '199/633  ', ' ', '', '11', 'สมุทรปรากา', '01', 'เมืองสมุทร', '04', 'ท้ายบ้าน', '081-3766289', '', '1');
INSERT INTO `tbl_person` VALUES ('6025182', '6610240535', '325559', '1675931', '3440600290647', '', 'นางสาว', 'วงเดือน', 'โยธาทูน', 'ไทย', '099', '2', '12/02/1981', '42', '8', '15', '0,1', 'โสด', '156 ม.20', ' ', '', '44', 'มหาสารคาม', '12', '12', '02', 'นาโพธิ์|มห', '094-3509246', '', '1');
INSERT INTO `tbl_person` VALUES ('5107617', '6610260286', '4397', '1676879', '1251100003378', '', 'นางสาว', 'เกษดา', 'ศิริพล', 'ไทย', '099', '2', '10/03/1984', '39', '7', '17', '0,1', 'โสด', '222/237 ม.1', '1', '', '20', 'ชลบุรี', '01', '01', '09', 'ดอนหัวฬ่อ', '085-4300549', '', '1');
INSERT INTO `tbl_person` VALUES ('5535029', '6610260246', '123965', '1676839', '3330101434458', '', 'นาย', 'ไพรรัตน์', 'พันธ์ขาว', 'ไทย', '099', '1', '27/02/1980', '43', '8', '0', '1,2', 'คู่', 'บ.โตโยด้า โกเซ (ประเทศไทย) จำกัด บ้านเก่า', ' ', '', '20', 'ชลบุรี', '05', '05', '', 'บ้านเก่า', '080-8354844', '', '0');
INSERT INTO `tbl_person` VALUES ('6516356', '6610260307', '442573', '1676902', '3160101446954', '', 'นางสาว', 'อุษา', 'สินทรัพย์', 'ไทย', '099', '2', '13/10/1981', '42', '0', '14', '0,1', 'โสด', '114  ', 'ม.10', '', '20', 'ชลบุรี', '01', 'เมืองชลบุร', '07', 'นาป่า|ชลบุ', '086-3287051', '', '1');
INSERT INTO `tbl_person` VALUES ('5237188', '6610260231', '27532', '1676824', '1200100096197', '', 'นาย', 'เจษฎา', 'เข็มทอง', 'ไทย', '099', '1', '20/03/1986', '37', '7', '7', '1,2', 'คู่', '88/56  ', 'ม.1', '', '20', 'ชลบุรี', '05', 'พานทอง', '04', 'หนองกะขะ', '086-7749203', '', '1');
INSERT INTO `tbl_person` VALUES ('5403202', '6610260181', '49530', '1676771', '1200100103274', '', 'นาย', 'กิตตินนท์', 'หมื่นจำนงค์', 'ไทย', '099', '1', '14/04/1986', '37', '6', '13', '0,1', 'โสด', '39/3  ', 'ม.3', '', '20', 'ชลบุรี', '01', 'เมืองชลบุร', '18', 'สำนักบก', '093-6469252', '', '1');
INSERT INTO `tbl_person` VALUES ('5437081', '6610260162', '82958', '1676751', '3570900054565', '', 'นางสาว', 'ปิยะพร', 'ปายหาญ', 'ไทย', '099', '2', '23/10/1981', '42', '0', '4', '0,1', 'โสด', '62/2  ', 'ม.4', '', '20', 'ชลบุรี', '02', 'บ้านบึง', '03', 'มาบไผ่', '081-8233164', '', '1');
INSERT INTO `tbl_person` VALUES ('6418394', '6610240525', '421473', '1675921', '1369900233021', '', 'นางสาว', 'สาธิยา', 'รักษาบุญ', 'ไทย', '099', '2', '30/05/1992', '31', '4', '27', '0,1', 'โสด', '399/80 ม.2  ', ' ', '', '20', 'ชลบุรี', '05', 'พานทอง', '07', 'บ้านเก่า|ช', '087-9624454', '', '1');
INSERT INTO `tbl_person` VALUES ('6016434', '6610240536', '315826', '1675932', '3330501086015', '', 'นางสาว', 'ปวีณา', 'ศิริมาศ', 'ไทย', '099', '2', '27/03/1983', '40', '7', '0', '0,1', 'โสด', '52  ', 'ม.10', '', '20', 'ชลบุรี', '01', 'เมืองชลบุร', '05', 'บ้านสวน|ชล', '092-1149810', '', '1');
INSERT INTO `tbl_person` VALUES ('5216470', '6610260003', '284591', '1676570', '3251200797461', '', 'นาง', 'อำไพ', 'ปริวันตัง', 'ไทย', '099', '2', '18/12/1961', '61', '10', '9', '0,1', 'โสด', '59/226  ', ' ', '', '20', 'ชลบุรี', '05', '05', '04', 'หนองกะขะ', '099-4536149', '', '0');
INSERT INTO `tbl_person` VALUES ('6124857', '6610270355', '355462', '1677534', '1321200059706', '', 'นาย', 'สมโภชน์', 'สระทอง', 'ไทย', '099', '1', '09/03/1990', '33', '7', '19', '1,2', 'คู่', '  บ.ไทยซากาทาโก', '12 ', 'บางนา-ตราด', '11', 'สมุทรปรากา', '03', '03', '', 'บางแก้ว', '091-8282958', '', '0');
INSERT INTO `tbl_person` VALUES ('5800597', '6610260527', '229536', '1677132', '3650700029931', '', 'นาย', 'สมโชค', 'กุลคง', 'ไทย', '099', '1', '17/02/1977', '46', '8', '11', '0,1', 'โสด', '58/36 หนองรี', ' ', '', '20', 'ชลบุรี', '01', 'เมืองชลบุร', '06', 'หนองรี|ชลบ', '089-5463647', '', '1');
INSERT INTO `tbl_person` VALUES ('5909286', '6610260503', '271902', '1677108', '3200100303962', '', 'นาย', 'เสถียร', 'มรรคไพบูลย์', 'ไทย', '099', '1', '10/04/1970', '53', '6', '18', '0,1', 'โสด', '72/594  ', 'ม.1', '', '20', 'ชลบุรี', '01', 'เมืองชลบุร', '07', 'นาป่า|ชลบุ', '092-2534866', '', '1');
INSERT INTO `tbl_person` VALUES ('5544074', '6610270244', '132960', '1677418', '1200100201870', '', 'นาย', 'อนุวัฒน์', 'สุดสงวน', 'ไทย', '099', '1', '02/08/1988', '35', '2', '26', '0,1', 'โสด', '2/17  ', 'ม.1', '', '20', 'ชลบุรี', '01', 'เมืองชลบุร', '09', 'ดอนหัวฬ่อ', '099-7835249', '', '1');
INSERT INTO `tbl_person` VALUES ('6615402', '6610270203', '474723', '1677376', '3320900858682', '', 'นาย', 'สุนัน', 'นพพิบูลย์', 'ไทย', '099', '1', '28/04/1982', '41', '6', '0', '1,2', 'คู่', '333/83 ', 'ม.1', '', '20', 'ชลบุรี', '01', 'เมืองชลบุร', '09', 'ดอนหัวฬ่อ', '065-8124830', '', '1');
INSERT INTO `tbl_person` VALUES ('6507432', '6610270498', '433229', '1677692', '1849900314388', '', 'นางสาว', 'อทิตยา', 'ทิพย์ธารัตน์', 'ไทย', '099', '2', '23/11/1997', '25', '11', '6', '1,2', 'คู่', '1/37  ', ' ', '', '20', 'ชลบุรี', '01', 'เมืองชลบุร', '13', 'เหมือง', '090-9749826/099-0518496', '', '0');
INSERT INTO `tbl_person` VALUES ('6615465', '6610280391', '474805', '1678145', '1430301392999', '', 'นางสาว', 'สุนิตา', 'นามวงศ์', 'ไทย', '099', '2', '04/06/2005', '18', '4', '25', '0,1', 'โสด', '8/17 ', 'ม.12', '', '20', 'ชลบุรี', '01', 'เมืองชลบุร', '07', 'นาป่า|ชลบุ', '062-9918729', '', '1');
INSERT INTO `tbl_person` VALUES ('5825800', '6610280408', '254464', '1678164', '1401000085630', '', 'นาย', 'พิชัย', 'นิลธวัช', 'ไทย', '099', '1', '29/04/1987', '36', '6', '0', '0,1', 'โสด', 'หอพักเดอะแกรน ห้อง9516 ชั้น5  ', ' ', '', '20', 'ชลบุรี', '01', 'เมืองชลบุร', '12', 'คลองตำหรุ', '098-9203876', '', '1');
INSERT INTO `tbl_person` VALUES ('5512799', '6610290498', '101835', '1678727', '3120101160619', '', 'นาย', 'สิทธิพงษ์', 'ดีทอง', 'ไทย', '099', '1', '03/04/1976', '47', '6', '27', '0,1', 'โสด', 'บริษัท ทริปเปิล ที บรอดแบนด์ จำกัด บ้านสวน', ' ', '', '20', 'ชลบุรี', '01', 'เมืองชลบุร', '', '', '089-8325923', '', '0');
INSERT INTO `tbl_person` VALUES ('5502867', '6610290176', '91950', '1678395', '3341100581733', '', 'นาง', 'วิไลวรรณ', 'สมบัติหลาย', 'ไทย', '099', '2', '25/09/1970', '53', '1', '5', '1,2', 'คู่', 'บ.คอลเกต-ปาล์มโอลีฟ จก.  ', ' ', '', '20', 'ชลบุรี', '01', 'เมืองชลบุร', '09', 'ดอนหัวฬ่อ', '092-0099169', '', '1');
INSERT INTO `tbl_person` VALUES ('6612922', '6610290476', '471953', '1678703', '3250200551780', '', 'นาย', 'วิฑูรย์', 'บรมสุข', 'ไทย', '099', '1', '03/06/1976', '47', '4', '27', '1,2', 'คู่', '89/84 ', '', '', '20', 'ชลบุรี', '01', 'เมืองชลบุร', '09', 'ดอนหัวฬ่อ', '092-5318900', '', '1');
INSERT INTO `tbl_person` VALUES ('6615486', '6610290216', '474826', '1678435', '3200100293053', '', 'นาย', 'สิริชัย', 'เกตุวิจิตร', 'ไทย', '099', '1', '17/04/1971', '52', '6', '13', '1,2', 'คู่', '49 6', '', '', '20', 'ชลบุรี', '01', 'เมืองชลบุร', '14', 'บ้านปึก', '085-4872294', '', '1');
INSERT INTO `tbl_person` VALUES ('5502060', '6610300438', '91151', '1679247', '3200200131471', '', 'นาย', 'สาณิต', 'จิตอารี', 'ไทย', '099', '1', '29/04/1972', '51', '6', '2', '0,1', 'โสด', 'บ.โซนี่โมบายล์ อิเลคทรอนิค (ปท) จก. ', ' ', '', '20', 'ชลบุรี', '02', 'บ้านบึง', '01', 'บ้านบึง|ชล', '081-3188521', '', '1');
INSERT INTO `tbl_person` VALUES ('6219607', '6610300296', '378578', '1679099', '3450700470353', '', 'นาง', 'รุจีรักษ์', 'บุรัตน์', 'ไทย', '099', '2', '25/09/1982', '41', '1', '6', '0,1', 'โสด', '24/27  ', '3', '', '20', 'ชลบุรี', '01', 'เมืองชลบุร', '05', 'บ้านสวน|ชล', '061-5479156', '', '1');
INSERT INTO `tbl_person` VALUES ('6615564', '6610300544', '474906', '1679357', '1103700310380', '', 'นางสาว', 'ประภัสสร', 'ป้อมลอย', 'ไทย', '099', '2', '20/11/1990', '32', '11', '11', '0,1', 'โสด', '292/87 คอนโดลุมพีนี', 'ม.4', '', '20', 'ชลบุรี', '01', 'เมืองชลบุร', '05', 'บ้านสวน|ชล', '087-5665619', '', '1');
INSERT INTO `tbl_person` VALUES ('6615563', '6610300534', '474903', '1679346', '1219900366006', '', 'นาย', 'ชาญวิทย์', 'สุวรรณ', 'ไทย', '099', '1', '23/08/1992', '31', '2', '8', '0,1', 'โสด', '62  ', 'ม.4', '', '21', 'ระยอง', '08', 'นิคมพัฒนา', '04', 'มะขามคู่', '087-7430757', '', '1');
INSERT INTO `tbl_person` VALUES ('5705237', '6610300601', '195766', '1679418', '3460900026414', '', 'นาย', 'ชาญณรงค์', 'สิงหาโคตร', 'ไทย', '099', '1', '19/10/1982', '41', '0', '12', '1,2', 'คู่', 'บ.โตโยด้าโกเซ จก.  ', ' ', '', '20', 'ชลบุรี', '05', 'พานทอง', '07', 'บ้านเก่า|ช', '063-3965428/095-7841272', '', '1');
INSERT INTO `tbl_person` VALUES ('5310644', '6610300592', '285589', '1679408', '3229700078194', '', 'นาง', 'จิราพร', 'เครือคฑาวุธ', 'ไทย', '099', '2', '02/06/1971', '52', '4', '29', '0,1', 'โสด', '26/133  ', ' ', '', '20', 'ชลบุรี', '01', 'เมืองชลบุร', '07', 'นาป่า|ชลบุ', '081-8651657', '', '1');
INSERT INTO `tbl_person` VALUES ('6010855', '6610310526', '309782', '1680013', '3310800513071', '', 'นางสาว', 'ปวีณา', 'พันธ์พงษ์', 'ไทย', '099', '2', '28/10/1982', '41', '0', '4', '0,1', 'โสด', '39/139  ', 'ม.9', '', '20', 'ชลบุรี', '01', 'เมืองชลบุร', '07', 'นาป่า|ชลบุ', '091-5759198', '', '0');
INSERT INTO `tbl_person` VALUES ('6311386', '6610310513', '396025', '1679999', '1200100326991', '', 'นางสาว', 'ขวัญจิรา', 'แซ่เตียว', 'ไทย', '099', '2', '08/12/1990', '32', '10', '24', '1,2', 'คู่', '712  ', 'ม.2', '', '20', 'ชลบุรี', '03', 'หนองใหญ่', '01', 'หนองใหญ่|ช', '082-3959299', '', '1');
INSERT INTO `tbl_person` VALUES ('5636006', '6610310501', '174896', '1679987', '3250200549076', '', 'นางสาว', 'ลลิตา', 'มีโชค', 'ไทย', '099', '2', '03/11/1982', '40', '11', '29', '1,2', 'คู่', '26/3 หนองรี', ' ', '', '20', 'ชลบุรี', '01', 'เมืองชลบุร', '06', 'หนองรี|ชลบ', '065-4479858', '', '1');
INSERT INTO `tbl_person` VALUES ('5917099', '6610310385', '279680', '1679865', '3200500070850', '', 'นาง', 'มะลิวรรณ', 'ศาลาศัย', 'ไทย', '099', '2', '29/12/1972', '50', '10', '3', '1,2', 'คู่', '150/1 ', 'ม.7', '', '20', 'ชลบุรี', '05', 'พานทอง', '01', 'พานทอง|ชลบ', '082-0831413', '', '1');
INSERT INTO `tbl_person` VALUES ('6615589', '6610310283', '474946', '1679761', '1409901823344', '', 'นางสาว', 'สุปรียา', 'นามปัดถา', 'ไทย', '099', '2', '26/06/1999', '24', '4', '6', '1,2', 'คู่', '55/96 3', '', '', '20', 'ชลบุรี', '04', 'บางละมุง', '05', 'เขาไม้แก้ว', '062-3086236', '', '1');
INSERT INTO `tbl_person` VALUES ('5233771', '6610310278', '26297', '1679756', '3200101211671', '', 'นางสาว', 'กัญญาวีร์', 'สถิตย์ยุติธรรม', 'ไทย', '099', '2', '10/05/1979', '44', '5', '22', '1,2', 'คู่', '148/9  ', ' ', '', '20', 'ชลบุรี', '01', 'เมืองชลบุร', '15', 'ห้วยกะปิ', '081-8114112/087-5450535', '', '1');
INSERT INTO `tbl_person` VALUES ('5712565', '6610310541', '203069', '1680029', '3301700576846', '', 'นางสาว', 'คีญภัชท', 'ดอนมะเดื่อ', 'ไทย', '099', '2', '02/04/1982', '41', '6', '30', '0,1', 'โสด', '5/4  ', ' ', '', '20', 'ชลบุรี', '01', 'เมืองชลบุร', '07', 'นาป่า|ชลบุ', '090-3815484', '', '1');
INSERT INTO `tbl_person` VALUES ('6615637', '6611010248', '474996', '1680342', '4200600001041', '', 'นาย', 'ดำรงค์ชัย', 'อนันต์วราพงษ์', 'ไทย', '099', '1', '26/11/1983', '39', '11', '7', '0,1', 'โสด', '19/2 ', 'ม.2', '', '20', 'ชลบุรี', '06', 'พนัสนิคม', '04', 'บ้านเซิด', '097-1802305', '', '1');
INSERT INTO `tbl_person` VALUES ('5601594', '6611010281', '140662', '1680377', '1411600005025', '', 'นาย', 'เชาวลิต', 'พรรณรังษี', 'ไทย', '099', '1', '24/12/1983', '39', '10', '9', '0,1', 'โสด', '89/45  ', ' ', '', '20', 'ชลบุรี', '05', '05', '07', 'บ้านเก่า|ช', '086-0312063', '', '1');
INSERT INTO `tbl_person` VALUES ('6615646', '6611010329', '475005', '1680426', '3200100221982', '', 'นาย', 'วรกฤษฎา', 'ยะสะวุฒิ', 'ไทย', '099', '1', '04/11/1976', '46', '11', '29', '1,2', 'คู่', '3/9 4', '', '', '20', 'ชลบุรี', '01', '01', '16', 'เสม็ด|ชลบุ', '064-2914635', '', '1');
INSERT INTO `tbl_person` VALUES ('6420723', '6611020177', '423919', '1680853', '1342100066558', '', 'นางสาว', 'สุภาพร', 'ไชยบุญญา', 'ไทย', '099', '2', '30/10/1991', '32', '0', '4', '4,5', 'ไม่ทราบ', '104/67  ', ' ', '', '20', 'ชลบุรี', '05', 'พานทอง', '04', 'หนองกะขะ', '086-8225608', '', '1');
INSERT INTO `tbl_person` VALUES ('5519107', '6611010495', '108112', '1680606', '3700100645150', '', 'นางสาว', 'เพชรรักษ์', 'ตันประเสริฐ', 'ไทย', '099', '2', '15/07/1982', '41', '3', '19', '0,1', 'โสด', '14/11 ', ' ', '', '20', 'ชลบุรี', '05', 'พานทอง', '07', 'บ้านเก่า|ช', '082-9078879', '', '1');
INSERT INTO `tbl_person` VALUES ('5715324', '6611010487', '205815', '1680596', '3530100490310', '', 'นางสาว', 'กมลวรรณ', 'ทองคำโฮ้ง', 'ไทย', '099', '2', '05/12/1983', '39', '10', '29', '0,1', 'โสด', 'บ.เอเอชซี ทอล จำกัด.  ', ' ', '', '20', 'ชลบุรี', '05', 'พานทอง', '04', 'หนองกะขะ', '087-0203529', '', '1');
INSERT INTO `tbl_person` VALUES ('5913115', '6611010472', '275719', '1680581', '1330200042900', '', 'นาย', 'สง่า', 'คำเอี่ยม', 'ไทย', '099', '1', '15/01/1990', '33', '9', '19', '1,2', 'คู่', '22/6  ', ' ', '', '20', 'ชลบุรี', '01', '01', '07', 'นาป่า|ชลบุ', '083-8083927', '', '1');
INSERT INTO `tbl_person` VALUES ('6609124', '6611010465', '467804', '1680573', '1104300321105', '', 'นางสาว', 'ณฐมน', 'จรูญนันทวัฒน์', 'ไทย', '099', '2', '18/09/2000', '23', '1', '16', '0,1', 'โสด', '688/4 ', 'ม.1', '', '20', 'ชลบุรี', '02', 'บ้านบึง', '02', 'คลองกิ่ว', '088-9107715', '', '1');
INSERT INTO `tbl_person` VALUES ('6615758', '6611030400', '475130', '1681672', '1200100524857', '', 'นาย', 'นพดล', 'คุ้มครอง', 'ไทย', '099', '1', '06/06/1994', '29', '4', '29', '1,2', 'คู่', '12/10 6', '', '', '20', 'ชลบุรี', '01', 'เมืองชลบุร', '05', 'บ้านสวน|ชล', '081-4548235', '', '1');
INSERT INTO `tbl_person` VALUES ('5515417', '6611020522', '104443', '1681217', '3200500378536', '', 'นางสาว', 'ปนัดดา', 'บัญญัติ', 'ไทย', '099', '2', '02/11/1979', '44', '0', '2', '0,1', 'โสด', '88  ', ' ', '', '20', 'ชลบุรี', 'EN', 'พานทอง', '', 'Open', '091-7781221', '', '0');
INSERT INTO `tbl_person` VALUES ('5723163', '6611030234', '213623', '1681499', '1300600032464', '', 'นาย', 'พงศ์พันธุ์', 'คำทอง', 'ไทย', '099', '1', '17/01/1986', '37', '9', '18', '1,2', 'คู่', '99/668  ', ' ', '', '20', 'ชลบุรี', '01', 'เมืองชลบุร', '07', 'นาป่า|ชลบุ', '084-9612871', '', '1');
INSERT INTO `tbl_person` VALUES ('6615744', '6611030314', '475116', '1681581', '1302000203651', '', 'นาย', 'ศราวุฒิ', 'เกตุน้อย', 'ไทย', '099', '1', '13/05/1994', '29', '5', '22', '1,2', 'คู่', '25/13 ', '', '', '20', 'ชลบุรี', '01', 'เมืองชลบุร', '04', 'แสนสุข|ชลบ', '094-7416529', '', '1');
INSERT INTO `tbl_person` VALUES ('5611120', '6611030265', '150133', '1681532', '4200100004858', '', 'นางสาว', 'สมสุข', 'สุขวุฒิ', 'ไทย', '099', '2', '11/01/1947', '76', '9', '24', '1,2', 'คู่', '66/78  ', ' ', '', '20', 'ชลบุรี', '01', '01', '15', 'ห้วยกะปิ', '038-381-890 บ้าน', '', '1');
INSERT INTO `tbl_person` VALUES ('6615693', '6611020264', '475058', '1680945', '1470400178715', '', 'นางสาว', 'นิศานาถ', 'ไชยเชษฐ์', 'ไทย', '099', '2', '21/05/1994', '29', '5', '14', '0,1', 'โสด', '117/83 ', 'ม.6', '', '20', 'ชลบุรี', '05', 'พานทอง', '02', 'หนองตำลึง', '084-4257841', '', '1');
INSERT INTO `tbl_person` VALUES ('6206945', '11615-66', '364544', '1680906', '1320200009627', '', 'นาย', 'อุดม', 'บุญคง', 'ไทย', '099', '1', '03/05/1984', '39', '6', '1', '0,1', 'โสด', '93/4  ', '8', '', '20', 'ชลบุรี', '01', 'เมืองชลบุร', '07', 'นาป่า|ชลบุ', '083-8935597', '', '1');
INSERT INTO `tbl_person` VALUES ('6306465', '6611020258', '390724', '1680938', '3200200163241', '', 'นาย', 'จำรัส', 'หันตุลา', 'ไทย', '099', '1', '20/01/1982', '41', '9', '15', '0,1', 'โสด', '74  ', 'ม.4', '', '20', 'ชลบุรี', '10', 'บ่อทอง', '01', 'บ่อทอง|ชลบ', '082-3368624', '', '1');
INSERT INTO `tbl_person` VALUES ('5822673', '11622-66', '251419', '1681049', '1209500075969', '', 'นางสาว', 'นิรมล', 'บุราณรมย์', 'ไทย', '099', '2', '17/12/1996', '26', '10', '18', '0,1', 'โสด', '685/8  ', ' ', '', '20', 'ชลบุรี', '02', 'บ้านบึง', '06', 'หนองชาก', '089-2618688', '', '0');
INSERT INTO `tbl_person` VALUES ('6516840', '6611020513', '443105', '1681207', '1209500044711', '', 'นางสาว', 'องค์อร', 'โกศลศักดาสกุล', 'ไทย', '099', '2', '15/02/1994', '29', '8', '20', '0,1', 'โสด', '111  ', 'ม.2', '', '21', 'ระยอง', '06', 'ปลวกแดง', '06', 'หนองไร่', '089-9969417', '', '0');
INSERT INTO `tbl_person` VALUES ('6615749', '11653-66', '475121', '1681624', '3360200165374', '', 'นาย', 'ไสว', 'เพ็ชรเจริญ', 'ไทย', '099', '1', '25/01/1965', '58', '9', '10', '1,2', 'คู่', '85/8 11', '', '', '20', 'ชลบุรี', '01', 'เมืองชลบุร', '07', 'นาป่า|ชลบุ', '063-7793784', '', '1');
INSERT INTO `tbl_person` VALUES ('5405284', '6611040261', '51602', '1682071', '1200600110270', '', 'นางสาว', 'อรอนงค์', 'มัติโก', 'ไทย', '099', '2', '25/10/1987', '36', '0', '11', '0,1', 'โสด', '78/1  ', ' ', '', '20', 'ชลบุรี', '06', 'พนัสนิคม', '13', 'หนองปรือ|พ', '096-9504398', '', '1');
INSERT INTO `tbl_person` VALUES ('6306814', '6611040345', '391106', '1682157', '1450100111691', '', 'นาย', 'ปิยะวัตน์', 'จันทรประทักษ์', 'ไทย', '099', '1', '23/10/1988', '35', '0', '13', '0,1', 'โสด', '100/146 หมู่บ้านพฤกษา', ' ', '', '20', 'ชลบุรี', '01', 'เมืองชลบุร', '07', 'นาป่า|ชลบุ', '081-8270093', '', '1');
INSERT INTO `tbl_person` VALUES ('6217048', '6611040344', '375783', '1682156', '1200601426181', '', 'นางสาว', 'ภูษณิศา', 'อำไพ', 'ไทย', '099', '2', '24/05/2007', '16', '5', '12', '0,1', 'โสด', '59/20  ', 'ม.1', '', '20', 'ชลบุรี', '06', 'พนัสนิคม', '18', 'บ้านช้าง|ช', '089-6162888', '', '1');
INSERT INTO `tbl_person` VALUES ('6602493', '6611050170', '460306', '1682460', '3150700102446', '', 'นาง', 'ราวรรณ', 'ลี', 'ไทย', '099', '2', '13/11/1982', '40', '11', '24', '1,2', 'คู่', '62/61 0', '2(ถนนเปรมใจราษฎร์)', '', '20', 'ชลบุรี', '01', 'เมืองชลบุร', '04', 'แสนสุข|ชลบ', '087-0274044', '', '1');
INSERT INTO `tbl_person` VALUES ('6615830', '6611050130', '475202', '1682418', '1200101859402', '', 'นาย', 'ภีมวัฒน์', 'ณรงค์พงศ์พันธ์', 'ไทย', '099', '1', '16/03/2000', '23', '7', '21', '0,1', 'โสด', '26/1242 1', '', '', '20', 'ชลบุรี', '01', '01', '07', 'นาป่า|ชลบุ', '061-4104747', '', '1');
INSERT INTO `tbl_person` VALUES ('5316688', '6611050142', '285927', '1682430', '3200200417765', '', 'นาง', 'ทัชชกร', 'ศรัทธาพันธ์', 'ไทย', '099', '2', '02/08/1983', '40', '3', '4', '1,2', 'คู่', '431/3  ', ' ', '', '20', 'ชลบุรี', '02', 'บ้านบึง', '08', 'หนองไผ่แก้', '083-0159850', '', '1');
INSERT INTO `tbl_person` VALUES ('6309864', '6611050334', '394361', '1682630', '3200500275842', '', 'นางสาว', 'ทัศนีวัลย์', 'วารณา', 'ไทย', '099', '2', '11/06/1983', '40', '4', '26', '1,2', 'คู่', '34/1  ', 'ม.3', '', '20', 'ชลบุรี', '05', 'พานทอง', '01', 'พานทอง|ชลบ', '085-2761939', '', '1');
INSERT INTO `tbl_person` VALUES ('6203446', '6611050488', '360507', '1682794', '1639800122802', '', 'นางสาว', 'พรทิวา', 'บุญมาปุก', 'ไทย', '099', '2', '16/03/1992', '31', '7', '21', '1,2', 'คู่', '57/44  ', 'ม.11', '', '20', 'ชลบุรี', '01', 'เมืองชลบุร', '07', 'นาป่า|ชลบุ', '090-9947584', '', '1');
INSERT INTO `tbl_person` VALUES ('6005170', '6611050482', '303412', '1682787', '3101501291517', '', 'นางสาว', 'สุปราณี', 'ขุนทาระ', 'ไทย', '099', '2', '26/08/1982', '41', '2', '11', '1,2', 'คู่', '107/29  ', 'ม.7', '', '20', 'ชลบุรี', '11', 'เกาะจันทร์', '02', 'ท่าบุญมี', '063-9463246', '', '1');
INSERT INTO `tbl_person` VALUES ('6402516', '11723-66', '404792', '1682836', '1209401101449', '', 'ด.ช.', 'ธนกฤต', 'ทองปาน', 'ไทย', '099', '1', '15/07/2020', '3', '3', '24', '0,1', 'โสด', '150/18  ', ' ', '', '20', 'ชลบุรี', '01', 'เมืองชลบุร', '04', 'แสนสุข|ชลบ', '087-7435046', '', '0');
INSERT INTO `tbl_person` VALUES ('5902909', '6611070442', '265539', '1683952', '3310900653495', '', 'นาย', 'เดชณรงค์', 'อเนกนวล', 'ไทย', '099', '1', '19/01/1982', '41', '9', '20', '1,2', 'คู่', '333/211 มบ.อีสแลนด์แอนด์เฮ้าส์ ซ. A6  ', ' ', '', '20', 'ชลบุรี', '01', 'เมืองชลบุร', '09', 'ดอนหัวฬ่อ', '092-2857968', '', '1');
INSERT INTO `tbl_person` VALUES ('5831730', '6611070405', '260359', '1683915', '1200100211611', '', 'นาย', 'พงศ์ธร', 'ครุฑแก้ว', 'ไทย', '099', '1', '08/10/1988', '35', '1', '0', '0,1', 'โสด', '23/37  ', ' ', '', '20', 'ชลบุรี', '01', 'เมืองชลบุร', '15', 'ห้วยกะปิ', '065-9155235', '', '1');
INSERT INTO `tbl_person` VALUES ('6401202', '6611070229', '403384', '1683732', '1660200075392', '', 'นาย', 'กิตติ', 'โมงขุนทด', 'ไทย', '099', '1', '10/10/1995', '28', '0', '29', '1,2', 'คู่', '67/89  ', 'ม.2', '', '20', 'ชลบุรี', '01', 'เมืองชลบุร', '07', 'นาป่า|ชลบุ', '082-0393339', '', '1');
INSERT INTO `tbl_person` VALUES ('6615919', '6611060491', '475305', '1683354', '1200100533678', '', 'นาย', 'ธนัท', 'ดำรงพงศ์สว่าง', 'ไทย', '099', '1', '01/08/1994', '29', '3', '7', '0,1', 'โสด', '48/1 1', '', '', '20', 'ชลบุรี', '01', 'เมืองชลบุร', '05', 'บ้านสวน|ชล', '087-6162525', '', '1');
INSERT INTO `tbl_person` VALUES ('5827053', '6611060481', '255693', '1683344', '1409900624046', '', 'นางสาว', 'นุชจรินทร์', 'ต้นกันยา', 'ไทย', '099', '2', '05/02/1990', '33', '9', '3', '0,1', 'โสด', '141 ถ.เชิดน้อย', ' ', '', '20', 'ชลบุรี', '02', 'บ้านบึง', '01', 'บ้านบึง|ชล', '098-9462697', '', '1');
INSERT INTO `tbl_person` VALUES ('6615953', '6611070392', '475345', '1683901', '5460700023876', '', 'นางสาว', 'รุ่งตะวัน', 'นาแถมทอง', 'ไทย', '099', '2', '19/03/1983', '40', '7', '20', '1,2', 'คู่', '285/114 ', 'ม.4', '', '20', 'ชลบุรี', '01', 'เมืองชลบุร', '05', 'บ้านสวน|ชล', '087-1289595', '', '1');
INSERT INTO `tbl_person` VALUES ('6613013', '6611070225', '472045', '1683728', '1499900468699', '', 'นาย', 'เจษฏากร', 'ทุมพร', 'ไทย', '099', '1', '08/09/2005', '18', '2', '0', '0,1', 'โสด', '49/99 1', '', '', '20', 'ชลบุรี', '01', 'เมืองชลบุร', '05', 'บ้านสวน|ชล', '082-6520451', '', '1');
INSERT INTO `tbl_person` VALUES ('6615944', '6611070256', '475332', '1683761', '1200100309433', '', 'นางสาว', 'รชยา', 'เรืองคำ', 'ไทย', '099', '2', '29/08/1990', '33', '2', '10', '1,2', 'คู่', '65/11 12', '', '', '20', 'ชลบุรี', '01', 'เมืองชลบุร', '07', 'นาป่า|ชลบุ', '096-8239442', '', '1');
INSERT INTO `tbl_person` VALUES ('5817870', '6611060579', '246734', '1683449', '1209000415663', '', 'นางสาว', 'ณิชาพร', 'ดุมกลาง', 'ไทย', '099', '2', '11/09/2008', '15', '1', '28', '0,1', 'โสด', '54/66 หมู่บ้านเดอะแกรด์ สุขประยูร 2  ', ' ', '', '20', 'ชลบุรี', '01', 'เมืองชลบุร', '07', 'นาป่า|ชลบุ', '098-2782692/095-9637579', '', '1');
INSERT INTO `tbl_person` VALUES ('6106322', '6611060484', '334991', '1683347', '1200100104149', '', 'นางสาว', 'กันย์ชวนันท์', 'หิรัญตรีคูณ', 'ไทย', '099', '2', '21/04/1986', '37', '6', '18', '0,1', 'โสด', '100/12  ', ' ', '', '20', 'ชลบุรี', '01', 'เมืองชลบุร', '01', 'บางปลาสร้อ', '089-4522329', '', '1');
INSERT INTO `tbl_person` VALUES ('5817732', '6611060395', '246596', '1683253', '3400700588699', '', 'นางสาว', 'จารุวรรณ', 'ศรีไทย', 'ไทย', '099', '2', '15/03/1979', '44', '7', '24', '1,2', 'คู่', '8/8  ', ' ', '', '20', 'ชลบุรี', '01', 'เมืองชลบุร', '10', 'หนองไม้แดง', '098-1654542', '', '1');
INSERT INTO `tbl_person` VALUES ('6411240', '6611060393', '413979', '1683251', '1460900061655', '', 'นาย', 'วีวัตร', 'สิทธิการ', 'ไทย', '099', '1', '14/03/1991', '32', '7', '25', '0,1', 'โสด', '99/1-3  ', ' ', '', '20', 'ชลบุรี', '01', '01', '09', 'ดอนหัวฬ่อ', '066-1653987', '', '1');
INSERT INTO `tbl_person` VALUES ('5642329', '6611060211', '181190', '1683061', '3460300387726', '', 'นาย', 'ประทีป', 'ศรีหารักษา', 'ไทย', '099', '1', '18/04/1979', '44', '6', '21', '0,1', 'โสด', 'บ. เอ็น เอส  เค แบริ่งส์ แมนูแฟคเจอริ่ง (ประเทศไทย) จำกัด  ', ' ', '', '20', 'ชลบุรี', '01', 'เมืองชลบุร', '09', 'ดอนหัวฬ่อ', '098-5702216', '', '1');

-- ----------------------------
-- Table structure for `tbl_vaccination`
-- ----------------------------
DROP TABLE IF EXISTS `tbl_vaccination`;
CREATE TABLE `tbl_vaccination` (
  `uid` int(11) NOT NULL AUTO_INCREMENT,
  `vn` varchar(50) DEFAULT NULL,
  `vaccine_hospital_code` varchar(10) DEFAULT NULL,
  `vaccine_date` datetime DEFAULT NULL,
  `dose` varchar(5) DEFAULT NULL,
  `vaccine_manufacturer` varchar(50) DEFAULT NULL,
  PRIMARY KEY (`uid`)
) ENGINE=MyISAM AUTO_INCREMENT=3 DEFAULT CHARSET=utf8;

-- ----------------------------
-- Records of tbl_vaccination
-- ----------------------------
